{"type":"FeatureCollection","_meta":{"source":"Natural Earth 1:50m lakes + Caspian Sea (marine polys), public domain"},"features":[{"type":"Feature","properties":{"name":"Caspian Sea"},"geometry":{"type":"Polygon","coordinates":[[[52.85,41.2],[52.9,41.1],[52.92,41.08],[52.94,41.04],[52.89,40.86],[52.85,40.69],[52.78,40.55],[52.73,40.4],[52.74,40.22],[52.8,40.05],[52.9,39.91],[52.97,39.83],[53.03,39.77],[52.95,39.9],[52.99,39.99],[53.14,39.98],[53.29,39.96],[53.4,39.96],[53.45,39.94],[53.49,39.91],[53.46,39.83],[53.45,39.75],[53.47,39.67],[53.53,39.64],[53.58,39.61],[53.6,39.55],[53.5,39.53],[53.39,39.54],[53.3,39.56],[53.24,39.61],[53.12,39.43],[53.12,39.35],[53.16,39.27],[53.2,39.32],[53.27,39.34],[53.34,39.34],[53.48,39.3],[53.54,39.27],[53.62,39.22],[53.7,39.21],[53.71,39.15],[53.72,39.1],[53.81,39.02],[53.87,38.95],[53.88,38.86],[53.87,38.74],[53.85,38.62],[53.84,38.52],[53.85,38.41],[53.85,38.29],[53.83,38.05],[53.82,37.93],[53.85,37.67],[53.9,37.41],[53.91,37.34],[53.95,37.18],[54.02,36.95],[54.02,36.9],[54.02,36.85],[53.97,36.82],[53.91,36.81],[53.77,36.82],[53.68,36.85],[53.83,36.88],[53.91,36.93],[53.77,36.93],[53.37,36.87],[52.19,36.62],[51.76,36.62],[51.12,36.74],[50.93,36.81],[50.53,37.01],[50.34,37.15],[50.21,37.34],[50.18,37.38],[50.13,37.41],[49.98,37.45],[49.73,37.48],[49.47,37.5],[49.37,37.52],[49.17,37.6],[49.08,37.67],[49.02,37.78],[48.96,37.89],[48.92,38.02],[48.9,38.14],[48.87,38.39],[48.87,38.44],[48.85,38.81],[48.85,38.84],[48.93,38.96],[48.96,39.08],[49.01,39.13],[49.11,39.09],[49.11,39.03],[49.12,39.0],[49.17,39.03],[49.2,39.07],[49.27,39.28],[49.32,39.33],[49.36,39.35],[49.37,39.4],[49.33,39.5],[49.32,39.61],[49.41,39.84],[49.48,40.09],[49.55,40.19],[49.67,40.25],[49.79,40.29],[49.92,40.32],[50.14,40.32],[50.37,40.28],[50.31,40.41],[50.25,40.46],[50.18,40.51],[50.12,40.53],[49.99,40.58],[49.85,40.58],[49.78,40.58],[49.72,40.61],[49.56,40.72],[49.46,40.8],[49.23,41.03],[49.17,41.12],[49.14,41.22],[49.11,41.3],[49.05,41.37],[48.82,41.63],[48.66,41.79],[48.57,41.84],[48.48,41.91],[48.43,41.92],[48.38,41.95],[48.3,42.08],[48.23,42.18],[48.08,42.35],[47.82,42.61],[47.77,42.65],[47.73,42.68],[47.71,42.81],[47.63,42.9],[47.53,42.97],[47.49,43.0],[47.46,43.03],[47.51,43.22],[47.51,43.27],[47.49,43.38],[47.51,43.51],[47.57,43.69],[47.63,43.81],[47.65,43.88],[47.56,43.84],[47.46,43.55],[47.43,43.78],[47.36,43.99],[47.31,44.1],[47.23,44.19],[47.12,44.26],[47.02,44.34],[46.92,44.39],[46.75,44.42],[46.72,44.45],[46.71,44.5],[46.72,44.56],[46.76,44.66],[46.84,44.72],[46.96,44.78],[46.98,44.83],[47.0,44.88],[47.04,44.84],[47.08,44.82],[47.12,44.91],[47.16,44.97],[47.22,45.02],[47.3,45.15],[47.35,45.22],[47.39,45.3],[47.41,45.42],[47.45,45.43],[47.49,45.45],[47.52,45.49],[47.53,45.53],[47.52,45.6],[47.46,45.68],[47.48,45.69],[47.51,45.67],[47.57,45.63],[47.63,45.58],[47.65,45.66],[47.7,45.69],[47.76,45.67],[47.83,45.66],[48.05,45.72],[48.16,45.74],[48.26,45.78],[48.49,45.94],[48.54,45.94],[48.59,45.94],[48.64,45.91],[48.69,45.89],[48.73,45.9],[48.75,45.92],[48.7,45.98],[48.69,46.03],[48.68,46.09],[48.74,46.1],[48.81,46.1],[49.08,46.19],[49.11,46.23],[49.12,46.28],[49.25,46.29],[49.23,46.34],[49.21,46.39],[49.29,46.44],[49.36,46.41],[49.34,46.49],[49.35,46.52],[49.44,46.54],[49.59,46.55],[49.63,46.57],[49.76,46.57],[49.89,46.6],[50.0,46.63],[50.1,46.7],[50.31,46.8],[50.42,46.88],[50.47,46.88],[50.53,46.87],[50.58,46.88],[50.68,46.94],[50.73,46.95],[50.92,47.04],[51.18,47.11],[51.29,47.1],[51.62,47.03],[51.65,47.02],[51.74,46.93],[51.95,46.9],[52.01,46.9],[52.09,46.84],[52.14,46.83],[52.19,46.84],[52.34,46.9],[52.38,46.92],[52.42,46.96],[52.48,46.99],[52.68,46.96],[52.92,46.95],[53.03,46.89],[53.07,46.86],[53.14,46.74],[53.17,46.67],[53.13,46.61],[53.08,46.55],[53.06,46.48],[53.11,46.41],[53.13,46.19],[53.04,45.97],[52.89,45.78],[52.77,45.57],[52.84,45.5],[53.09,45.41],[53.2,45.33],[53.08,45.31],[52.91,45.32],[52.77,45.34],[52.53,45.4],[52.43,45.41],[52.05,45.39],[51.73,45.4],[51.54,45.34],[51.42,45.36],[51.33,45.28],[51.29,45.23],[51.25,45.12],[51.15,45.04],[51.04,44.98],[51.01,44.92],[51.02,44.85],[51.06,44.81],[51.22,44.71],[51.31,44.62],[51.37,44.6],[51.43,44.6],[51.49,44.58],[51.54,44.53],[51.38,44.54],[51.31,44.53],[51.18,44.5],[51.11,44.51],[51.05,44.53],[50.86,44.63],[50.65,44.63],[50.41,44.62],[50.3,44.58],[50.27,44.53],[50.25,44.46],[50.25,44.41],[50.28,44.35],[50.33,44.33],[50.47,44.3],[50.69,44.27],[50.78,44.23],[50.83,44.19],[50.94,43.96],[51.06,43.75],[51.14,43.65],[51.24,43.58],[51.27,43.53],[51.3,43.48],[51.31,43.42],[51.31,43.36],[51.29,43.23],[51.3,43.17],[51.35,43.17],[51.51,43.17],[51.62,43.16],[51.7,43.1],[51.78,43.0],[51.81,42.95],[51.84,42.91],[51.9,42.87],[51.96,42.85],[52.02,42.86],[52.08,42.88],[52.18,42.87],[52.27,42.8],[52.32,42.82],[52.43,42.82],[52.49,42.82],[52.55,42.8],[52.6,42.76],[52.64,42.56],[52.62,42.43],[52.57,42.33],[52.52,42.24],[52.46,42.1],[52.46,42.05],[52.47,41.89],[52.49,41.78],[52.61,41.53],[52.75,41.37],[52.83,41.23],[52.85,41.2]]]}},{"type":"Feature","properties":{"name":"Mälaren"},"geometry":{"type":"Polygon","coordinates":[[[17.98,59.33],[17.88,59.27],[17.57,59.27],[17.48,59.29],[17.37,59.3],[17.3,59.27],[17.18,59.36],[17.07,59.37],[16.91,59.45],[16.74,59.43],[16.61,59.45],[16.14,59.45],[16.04,59.48],[16.25,59.49],[16.47,59.52],[16.57,59.61],[16.65,59.56],[16.75,59.54],[16.84,59.59],[16.98,59.55],[17.06,59.57],[17.37,59.5],[17.39,59.58],[17.53,59.54],[17.69,59.54],[17.67,59.59],[17.76,59.62],[17.79,59.6],[17.81,59.55],[17.77,59.41],[17.83,59.38],[17.96,59.36],[17.98,59.33]]]}},{"type":"Feature","properties":{"name":"Lake Ladoga"},"geometry":{"type":"Polygon","coordinates":[[[29.84,61.23],[29.86,61.24],[29.86,61.25],[29.86,61.27],[29.89,61.3],[29.95,61.29],[30.03,61.25],[30.08,61.24],[30.09,61.26],[30.09,61.27],[30.09,61.3],[30.13,61.31],[30.17,61.31],[30.19,61.33],[30.2,61.35],[30.18,61.36],[30.18,61.37],[30.2,61.39],[30.21,61.42],[30.22,61.43],[30.24,61.45],[30.25,61.46],[30.25,61.47],[30.23,61.49],[30.24,61.52],[30.29,61.52],[30.47,61.49],[30.48,61.49],[30.49,61.52],[30.51,61.52],[30.55,61.53],[30.61,61.54],[30.62,61.56],[30.59,61.58],[30.59,61.61],[30.76,61.73],[30.85,61.77],[30.89,61.77],[30.9,61.75],[30.91,61.74],[31.03,61.71],[31.06,61.69],[31.07,61.65],[31.1,61.62],[31.16,61.62],[31.17,61.63],[31.24,61.64],[31.26,61.64],[31.29,61.62],[31.31,61.6],[31.33,61.62],[31.33,61.63],[31.36,61.63],[31.49,61.55],[31.53,61.5],[31.58,61.44],[31.6,61.42],[31.62,61.43],[31.62,61.44],[31.62,61.46],[31.64,61.46],[31.7,61.41],[31.76,61.38],[31.87,61.35],[31.9,61.32],[32.36,61.18],[32.53,61.12],[32.56,61.08],[32.58,61.05],[32.58,61.01],[32.59,61.0],[32.63,60.99],[32.64,60.97],[32.77,60.89],[32.81,60.83],[32.81,60.76],[32.84,60.71],[32.9,60.69],[32.94,60.67],[32.94,60.64],[32.91,60.59],[32.84,60.5],[32.82,60.48],[32.78,60.49],[32.72,60.52],[32.64,60.54],[32.6,60.53],[32.6,60.51],[32.62,60.48],[32.66,60.43],[32.68,60.39],[32.66,60.37],[32.59,60.35],[32.59,60.33],[32.61,60.29],[32.61,60.24],[32.58,60.21],[32.5,60.18],[32.36,60.15],[32.26,60.15],[32.2,60.2],[32.06,60.23],[31.84,60.25],[31.7,60.24],[31.6,60.17],[31.59,60.16],[31.6,60.14],[31.61,60.14],[31.61,60.13],[31.55,60.07],[31.54,60.03],[31.57,60.0],[31.57,59.97],[31.55,59.94],[31.51,59.92],[31.45,59.91],[31.4,59.91],[31.35,59.93],[31.27,59.94],[31.18,59.93],[31.11,59.93],[31.06,59.94],[31.04,59.95],[31.06,59.96],[31.14,60.01],[31.14,60.03],[31.11,60.06],[31.09,60.08],[31.11,60.13],[31.11,60.15],[31.02,60.19],[30.96,60.26],[30.85,60.44],[30.83,60.46],[30.82,60.46],[30.8,60.45],[30.78,60.45],[30.77,60.49],[30.76,60.52],[30.72,60.56],[30.66,60.59],[30.53,60.63],[30.52,60.66],[30.5,60.7],[30.5,60.73],[30.52,60.74],[30.53,60.77],[30.53,60.81],[30.5,60.84],[30.46,60.86],[30.44,60.87],[30.44,60.9],[30.41,60.93],[30.29,61.01],[30.12,61.09],[29.86,61.19],[29.82,61.22],[29.84,61.23]]]}},{"type":"Feature","properties":{"name":"Lake Albert"},"geometry":{"type":"Polygon","coordinates":[[[31.47,2.38],[31.4,2.28],[31.38,2.26],[31.39,2.2],[31.4,1.9],[31.39,1.86],[31.37,1.84],[31.34,1.83],[31.32,1.8],[31.3,1.74],[31.27,1.69],[31.17,1.6],[31.13,1.59],[31.04,1.56],[31.01,1.55],[30.97,1.53],[30.89,1.45],[30.79,1.31],[30.73,1.22],[30.72,1.19],[30.59,1.04],[30.57,1.03],[30.54,1.02],[30.51,1.04],[30.5,1.05],[30.5,1.12],[30.49,1.17],[30.49,1.2],[30.5,1.21],[30.5,1.23],[30.48,1.24],[30.47,1.26],[30.45,1.26],[30.41,1.25],[30.4,1.26],[30.39,1.3],[30.44,1.38],[30.48,1.47],[30.53,1.53],[30.59,1.58],[30.67,1.68],[30.71,1.7],[30.87,1.86],[30.94,1.92],[30.98,1.93],[31.18,2.07],[31.26,2.15],[31.3,2.23],[31.34,2.29],[31.43,2.39],[31.48,2.4],[31.47,2.38]]]}},{"type":"Feature","properties":{"name":"Lake Erie"},"geometry":{"type":"Polygon","coordinates":[[[-83.11,42.29],[-83.08,42.27],[-83.11,42.22],[-83.12,42.12],[-83.11,42.07],[-83.06,42.05],[-82.94,42.01],[-82.83,42.0],[-82.69,42.04],[-82.64,42.04],[-82.6,42.02],[-82.57,42.0],[-82.51,41.93],[-82.5,41.94],[-82.49,42.01],[-82.46,42.06],[-82.41,42.1],[-82.31,42.16],[-82.16,42.22],[-82.04,42.26],[-81.94,42.27],[-81.93,42.28],[-81.87,42.31],[-81.89,42.27],[-81.89,42.26],[-81.87,42.26],[-81.84,42.3],[-81.81,42.37],[-81.73,42.45],[-81.5,42.59],[-81.4,42.63],[-81.25,42.65],[-81.04,42.66],[-80.83,42.64],[-80.62,42.6],[-80.47,42.57],[-80.4,42.58],[-80.09,42.55],[-80.06,42.55],[-80.11,42.57],[-80.31,42.59],[-80.37,42.61],[-80.45,42.6],[-80.45,42.61],[-80.4,42.68],[-80.36,42.68],[-80.33,42.71],[-80.29,42.74],[-80.22,42.77],[-80.1,42.8],[-79.92,42.82],[-79.75,42.86],[-79.7,42.86],[-79.66,42.85],[-79.59,42.85],[-79.39,42.88],[-79.26,42.88],[-79.18,42.87],[-79.12,42.86],[-79.06,42.86],[-78.94,42.91],[-78.92,42.92],[-78.95,42.95],[-79.01,42.99],[-79.04,43.02],[-79.03,43.04],[-79.04,43.06],[-79.07,43.09],[-79.07,43.11],[-78.91,43.07],[-78.89,43.06],[-78.9,43.03],[-78.92,43.0],[-78.92,42.95],[-78.89,42.89],[-78.87,42.84],[-78.88,42.8],[-78.92,42.76],[-78.99,42.73],[-79.06,42.68],[-79.12,42.61],[-79.21,42.55],[-79.31,42.51],[-79.42,42.46],[-79.51,42.39],[-79.7,42.3],[-80.08,42.15],[-80.12,42.13],[-80.17,42.11],[-80.25,42.08],[-80.33,42.04],[-80.87,41.89],[-81.23,41.77],[-81.45,41.67],[-81.64,41.55],[-81.72,41.51],[-81.82,41.5],[-81.97,41.51],[-82.12,41.49],[-82.28,41.46],[-82.39,41.43],[-82.43,41.41],[-82.48,41.4],[-82.52,41.41],[-82.64,41.47],[-82.65,41.46],[-82.67,41.45],[-82.74,41.46],[-82.82,41.47],[-82.89,41.44],[-82.96,41.44],[-83.03,41.45],[-82.97,41.48],[-82.7,41.52],[-82.7,41.53],[-82.8,41.56],[-82.83,41.58],[-82.86,41.58],[-82.88,41.55],[-82.91,41.54],[-82.96,41.54],[-83.02,41.56],[-83.07,41.6],[-83.24,41.66],[-83.29,41.69],[-83.35,41.71],[-83.44,41.73],[-83.46,41.74],[-83.44,41.77],[-83.36,41.88],[-83.32,41.92],[-83.3,41.94],[-83.27,41.94],[-83.26,41.95],[-83.27,41.97],[-83.26,41.99],[-83.2,42.03],[-83.18,42.05],[-83.19,42.08],[-83.17,42.15],[-83.14,42.23],[-83.11,42.29]],[[-78.99,42.99],[-78.96,42.99],[-78.93,43.02],[-78.91,43.04],[-78.92,43.05],[-78.99,43.06],[-79.01,43.05],[-79.02,43.02],[-79.01,43.0],[-78.99,42.99]],[[-82.64,41.75],[-82.63,41.77],[-82.64,41.81],[-82.65,41.83],[-82.67,41.81],[-82.69,41.76],[-82.69,41.74],[-82.64,41.75]]]}},{"type":"Feature","properties":{"name":"Lake Malawi"},"geometry":{"type":"Polygon","coordinates":[[[35.26,-14.28],[35.28,-14.37],[35.27,-14.39],[35.26,-14.4],[35.24,-14.4],[35.19,-14.35],[35.13,-14.29],[35.05,-14.18],[35.01,-14.16],[34.96,-14.15],[34.95,-14.13],[34.94,-14.07],[34.93,-14.04],[34.91,-14.02],[34.88,-14.01],[34.86,-14.01],[34.85,-14.04],[34.86,-14.07],[34.85,-14.11],[34.83,-14.15],[34.82,-14.18],[34.83,-14.2],[34.82,-14.22],[34.77,-14.25],[34.73,-14.27],[34.71,-14.26],[34.7,-14.24],[34.68,-14.21],[34.64,-14.2],[34.6,-14.16],[34.57,-14.11],[34.55,-14.05],[34.54,-13.98],[34.55,-13.94],[34.57,-13.91],[34.6,-13.85],[34.62,-13.75],[34.6,-13.67],[34.55,-13.6],[34.5,-13.57],[34.46,-13.57],[34.41,-13.53],[34.32,-13.38],[34.31,-13.35],[34.32,-13.31],[34.34,-13.27],[34.34,-13.16],[34.33,-12.95],[34.32,-12.92],[34.3,-12.86],[34.27,-12.82],[34.27,-12.79],[34.27,-12.76],[34.26,-12.73],[34.24,-12.71],[34.21,-12.68],[34.2,-12.64],[34.2,-12.48],[34.18,-12.43],[34.15,-12.39],[34.11,-12.38],[34.07,-12.35],[34.04,-12.25],[34.03,-12.21],[34.06,-12.05],[34.1,-11.98],[34.16,-11.93],[34.19,-11.88],[34.19,-11.84],[34.22,-11.79],[34.32,-11.68],[34.32,-11.65],[34.29,-11.43],[34.26,-11.31],[34.23,-11.23],[34.22,-11.17],[34.24,-11.13],[34.24,-11.1],[34.23,-11.07],[34.2,-10.61],[34.19,-10.59],[34.2,-10.57],[34.22,-10.54],[34.23,-10.52],[34.23,-10.48],[34.24,-10.46],[34.26,-10.45],[34.25,-10.4],[34.2,-10.32],[34.16,-10.26],[34.06,-10.16],[34.02,-10.1],[33.98,-10.02],[33.94,-9.87],[33.92,-9.84],[33.91,-9.8],[33.91,-9.75],[33.92,-9.71],[33.95,-9.66],[33.96,-9.63],[33.95,-9.56],[33.96,-9.53],[34.0,-9.49],[34.09,-9.54],[34.32,-9.73],[34.33,-9.76],[34.48,-9.95],[34.52,-10.03],[34.52,-10.07],[34.57,-10.24],[34.58,-10.32],[34.57,-10.38],[34.57,-10.43],[34.59,-10.5],[34.58,-10.53],[34.64,-10.63],[34.66,-10.71],[34.67,-10.79],[34.65,-10.87],[34.61,-10.99],[34.6,-11.04],[34.61,-11.08],[34.64,-11.13],[34.69,-11.18],[34.73,-11.24],[34.75,-11.31],[34.77,-11.34],[34.8,-11.34],[34.85,-11.35],[34.89,-11.39],[34.94,-11.46],[34.96,-11.58],[34.96,-11.73],[34.93,-11.87],[34.89,-11.98],[34.86,-12.05],[34.83,-12.06],[34.79,-12.09],[34.73,-12.16],[34.7,-12.2],[34.71,-12.22],[34.71,-12.28],[34.71,-12.36],[34.7,-12.4],[34.69,-12.42],[34.79,-12.64],[34.81,-12.77],[34.77,-12.87],[34.77,-12.96],[34.8,-13.04],[34.81,-13.14],[34.8,-13.26],[34.81,-13.33],[34.85,-13.37],[34.86,-13.46],[34.86,-13.62],[34.87,-13.7],[34.89,-13.72],[35.03,-13.73],[35.06,-13.74],[35.1,-13.82],[35.18,-14.06],[35.18,-14.09],[35.26,-14.28]],[[34.62,-12.07],[34.64,-12.01],[34.62,-11.98],[34.59,-11.97],[34.55,-11.98],[34.54,-12.02],[34.58,-12.07],[34.62,-12.07]],[[34.66,-12.1],[34.68,-12.12],[34.72,-12.11],[34.75,-12.09],[34.76,-12.06],[34.76,-12.03],[34.74,-12.01],[34.72,-12.0],[34.68,-12.01],[34.67,-12.05],[34.66,-12.1]]]}},{"type":"Feature","properties":{"name":"Lake Victoria"},"geometry":{"type":"Polygon","coordinates":[[[34.72,-0.09],[34.81,-0.28],[34.8,-0.3],[34.7,-0.33],[34.58,-0.33],[34.48,-0.35],[34.46,-0.37],[34.48,-0.46],[34.46,-0.49],[34.42,-0.5],[34.38,-0.46],[34.33,-0.46],[34.27,-0.45],[34.22,-0.44],[34.17,-0.47],[34.08,-0.58],[34.06,-0.65],[34.07,-0.72],[34.11,-0.8],[34.16,-0.88],[34.14,-0.94],[34.12,-0.97],[34.07,-1.0],[34.06,-1.03],[33.93,-1.19],[33.9,-1.25],[33.91,-1.28],[33.95,-1.32],[33.94,-1.34],[33.84,-1.34],[33.83,-1.36],[33.83,-1.39],[33.82,-1.41],[33.82,-1.43],[33.91,-1.5],[33.92,-1.51],[33.89,-1.51],[33.79,-1.49],[33.73,-1.48],[33.69,-1.49],[33.67,-1.51],[33.65,-1.57],[33.67,-1.6],[33.67,-1.64],[33.6,-1.69],[33.59,-1.76],[33.55,-1.8],[33.49,-1.82],[33.4,-1.81],[33.37,-1.83],[33.33,-1.86],[33.3,-1.92],[33.45,-1.92],[33.48,-1.93],[33.49,-1.95],[33.52,-1.98],[33.52,-2.0],[33.41,-2.0],[33.37,-2.03],[33.3,-2.02],[33.23,-2.07],[33.23,-2.1],[33.28,-2.12],[33.52,-2.16],[33.59,-2.17],[33.75,-2.11],[33.79,-2.12],[33.81,-2.16],[33.81,-2.19],[33.77,-2.24],[33.59,-2.36],[33.51,-2.43],[33.43,-2.46],[33.44,-2.5],[33.44,-2.52],[33.42,-2.53],[33.21,-2.49],[33.07,-2.41],[33.0,-2.4],[32.95,-2.42],[32.91,-2.45],[32.89,-2.48],[32.88,-2.66],[32.95,-2.82],[32.96,-2.85],[32.89,-2.86],[32.78,-2.97],[32.76,-2.98],[32.77,-2.91],[32.76,-2.87],[32.85,-2.8],[32.86,-2.76],[32.81,-2.65],[32.82,-2.54],[32.81,-2.52],[32.75,-2.51],[32.7,-2.5],[32.69,-2.49],[32.67,-2.46],[32.64,-2.44],[32.55,-2.51],[32.53,-2.49],[32.53,-2.46],[32.52,-2.45],[32.44,-2.44],[32.39,-2.42],[32.36,-2.39],[32.32,-2.3],[32.28,-2.28],[32.24,-2.28],[32.21,-2.31],[32.17,-2.37],[32.11,-2.38],[32.1,-2.39],[32.14,-2.49],[32.15,-2.52],[32.13,-2.54],[32.03,-2.52],[31.99,-2.55],[31.97,-2.61],[31.98,-2.68],[32.0,-2.76],[31.97,-2.75],[31.92,-2.67],[31.9,-2.68],[31.89,-2.7],[31.85,-2.71],[31.82,-2.8],[31.8,-2.79],[31.78,-2.75],[31.78,-2.69],[31.82,-2.62],[31.77,-2.6],[31.74,-2.57],[31.73,-2.53],[31.79,-2.46],[31.78,-2.44],[31.77,-2.4],[31.74,-2.36],[31.7,-2.33],[31.68,-2.28],[31.68,-2.08],[31.66,-2.02],[31.66,-1.93],[31.76,-1.49],[31.81,-1.42],[31.83,-1.36],[31.86,-1.09],[31.86,-1.04],[31.85,-1.02],[31.83,-1.01],[31.8,-1.02],[31.78,-1.01],[31.77,-0.94],[31.76,-0.89],[31.73,-0.84],[31.72,-0.79],[31.82,-0.57],[31.87,-0.48],[31.99,-0.32],[32.0,-0.26],[31.98,-0.21],[31.94,-0.18],[31.93,-0.16],[31.95,-0.13],[32.03,-0.09],[32.05,-0.06],[32.16,-0.04],[32.21,0.01],[32.26,-0.01],[32.29,0.02],[32.35,0.01],[32.38,0.07],[32.41,0.09],[32.44,0.09],[32.45,0.06],[32.49,0.05],[32.53,0.07],[32.56,0.1],[32.59,0.19],[32.62,0.23],[32.65,0.25],[32.68,0.19],[32.71,0.18],[32.68,0.14],[32.67,0.12],[32.69,0.11],[32.73,0.11],[32.78,0.12],[32.85,0.17],[32.88,0.17],[32.9,0.11],[32.91,0.1],[32.96,0.11],[33.02,0.15],[33.07,0.19],[33.08,0.24],[33.14,0.25],[33.2,0.39],[33.19,0.43],[33.24,0.45],[33.27,0.46],[33.31,0.45],[33.36,0.47],[33.37,0.45],[33.33,0.37],[33.35,0.35],[33.46,0.33],[33.48,0.32],[33.48,0.29],[33.44,0.27],[33.45,0.24],[33.48,0.22],[33.53,0.21],[33.58,0.22],[33.64,0.3],[33.68,0.32],[33.71,0.31],[33.73,0.23],[33.74,0.21],[33.86,0.18],[33.95,0.22],[33.98,0.21],[33.97,0.09],[33.98,0.03],[34.0,-0.02],[34.03,-0.06],[34.06,-0.08],[34.12,-0.08],[34.12,-0.09],[34.11,-0.13],[34.12,-0.16],[34.23,-0.26],[34.28,-0.35],[34.31,-0.36],[34.33,-0.34],[34.35,-0.31],[34.37,-0.24],[34.42,-0.2],[34.54,-0.14],[34.72,-0.09]],[[32.05,-2.33],[32.06,-2.27],[32.05,-2.24],[31.98,-2.27],[31.9,-2.28],[31.88,-2.26],[31.84,-2.22],[31.82,-2.19],[31.79,-2.23],[31.78,-2.32],[31.84,-2.38],[31.85,-2.45],[31.9,-2.44],[31.92,-2.37],[31.97,-2.37],[32.04,-2.35],[32.05,-2.33]],[[32.3,-0.39],[32.32,-0.34],[32.27,-0.29],[32.19,-0.33],[32.18,-0.31],[32.18,-0.23],[32.15,-0.23],[32.09,-0.23],[32.06,-0.25],[32.08,-0.29],[32.1,-0.32],[32.13,-0.34],[32.21,-0.36],[32.2,-0.4],[32.17,-0.44],[32.15,-0.49],[32.13,-0.53],[32.27,-0.47],[32.3,-0.39]],[[33.17,-2.16],[33.18,-2.12],[33.14,-2.07],[33.12,-2.01],[33.1,-1.97],[33.03,-1.97],[32.97,-1.97],[32.95,-1.9],[32.88,-1.9],[32.83,-1.94],[32.85,-1.98],[32.85,-2.06],[32.9,-2.08],[32.99,-2.1],[33.06,-2.13],[33.12,-2.16],[33.17,-2.16]],[[33.37,0.22],[33.39,0.27],[33.32,0.3],[33.22,0.28],[33.22,0.23],[33.22,0.19],[33.18,0.17],[33.18,0.15],[33.26,0.14],[33.27,0.12],[33.34,0.08],[33.33,0.14],[33.32,0.18],[33.37,0.22]]]}},{"type":"Feature","properties":{"name":"Lake Baikal"},"geometry":{"type":"Polygon","coordinates":[[[109.86,55.54],[109.86,55.45],[109.83,55.4],[109.79,55.33],[109.78,55.28],[109.75,55.19],[109.74,55.14],[109.77,55.08],[109.77,55.04],[109.72,54.93],[109.7,54.9],[109.68,54.85],[109.65,54.81],[109.63,54.77],[109.61,54.68],[109.54,54.63],[109.52,54.56],[109.49,54.38],[109.5,54.26],[109.55,54.17],[109.56,54.15],[109.54,54.12],[109.5,54.06],[109.43,54.0],[109.24,53.87],[109.21,53.83],[109.2,53.79],[109.2,53.74],[109.2,53.68],[109.2,53.66],[109.18,53.64],[109.03,53.64],[109.01,53.67],[109.03,53.76],[109.06,53.8],[109.06,53.83],[109.03,53.86],[108.99,53.87],[108.94,53.86],[108.89,53.84],[108.84,53.81],[108.62,53.58],[108.53,53.51],[108.55,53.51],[108.65,53.55],[108.73,53.57],[108.84,53.59],[108.92,53.57],[108.97,53.51],[108.99,53.45],[108.98,53.39],[108.93,53.34],[108.77,53.28],[108.73,53.28],[108.7,53.28],[108.68,53.3],[108.66,53.3],[108.39,53.16],[108.3,53.11],[108.3,53.09],[108.33,53.06],[108.33,53.04],[108.29,52.99],[108.23,52.95],[108.01,52.84],[107.95,52.78],[107.76,52.71],[107.67,52.7],[107.58,52.7],[107.39,52.65],[107.1,52.54],[106.94,52.48],[106.91,52.45],[106.84,52.36],[106.81,52.33],[106.75,52.32],[106.69,52.34],[106.6,52.37],[106.5,52.38],[106.39,52.35],[106.31,52.32],[106.27,52.28],[106.26,52.23],[106.28,52.17],[106.26,52.1],[106.19,51.96],[106.13,51.92],[106.06,51.86],[105.97,51.77],[105.8,51.7],[105.44,51.61],[105.06,51.56],[104.9,51.52],[104.83,51.49],[104.66,51.48],[104.39,51.5],[104.16,51.53],[103.82,51.63],[103.75,51.67],[103.71,51.69],[103.72,51.71],[103.74,51.72],[103.79,51.73],[104.13,51.77],[104.34,51.78],[104.54,51.78],[104.66,51.81],[104.72,51.85],[104.81,51.87],[104.87,51.87],[104.94,51.87],[105.05,51.88],[105.17,51.91],[105.24,51.94],[105.29,51.98],[105.34,52.01],[105.42,52.03],[105.57,52.11],[105.69,52.22],[105.86,52.39],[106.06,52.51],[106.29,52.59],[106.45,52.66],[106.54,52.71],[106.58,52.74],[106.7,52.83],[106.76,52.87],[106.78,52.91],[106.88,52.97],[106.9,53.0],[106.87,53.03],[106.77,53.02],[106.78,53.05],[106.85,53.1],[107.07,53.24],[107.23,53.32],[107.53,53.44],[107.55,53.45],[107.55,53.5],[107.58,53.55],[107.63,53.61],[107.79,53.71],[108.06,53.85],[108.22,53.98],[108.28,54.04],[108.3,54.08],[108.36,54.17],[108.41,54.21],[108.47,54.28],[108.52,54.35],[108.55,54.43],[108.59,54.49],[108.72,54.6],[108.79,54.67],[108.83,54.74],[108.85,54.8],[108.88,54.85],[108.93,54.9],[108.94,54.93],[108.92,54.95],[108.95,54.98],[109.05,55.03],[109.11,55.1],[109.17,55.19],[109.2,55.26],[109.21,55.41],[109.19,55.46],[109.19,55.54],[109.24,55.58],[109.31,55.61],[109.51,55.73],[109.58,55.77],[109.67,55.78],[109.76,55.77],[109.85,55.76],[109.95,55.67],[109.86,55.58],[109.86,55.54]],[[107.77,53.27],[107.8,53.39],[107.74,53.4],[107.58,53.28],[107.35,53.21],[107.09,53.13],[107.0,53.11],[106.96,53.08],[106.96,53.02],[107.31,53.07],[107.44,53.1],[107.64,53.22],[107.77,53.27]]]}},{"type":"Feature","properties":{"name":"Lake Winnipeg"},"geometry":{"type":"Polygon","coordinates":[[[-96.37,50.73],[-96.36,50.69],[-96.29,50.62],[-96.39,50.63],[-96.45,50.66],[-96.54,50.73],[-96.57,50.7],[-96.59,50.66],[-96.59,50.6],[-96.61,50.55],[-96.58,50.47],[-96.6,50.44],[-96.68,50.4],[-96.76,50.4],[-96.87,50.42],[-96.93,50.46],[-96.96,50.57],[-96.98,50.64],[-96.98,50.68],[-96.96,50.8],[-96.95,50.84],[-96.97,50.93],[-96.94,51.06],[-96.93,51.08],[-96.84,51.13],[-96.83,51.16],[-96.77,51.22],[-96.69,51.26],[-96.63,51.32],[-96.63,51.34],[-96.71,51.36],[-96.72,51.37],[-96.91,51.21],[-96.94,51.19],[-96.98,51.2],[-96.98,51.25],[-96.91,51.33],[-96.74,51.55],[-96.74,51.59],[-96.75,51.61],[-96.78,51.61],[-96.8,51.63],[-96.82,51.68],[-96.83,51.71],[-96.84,51.72],[-96.88,51.72],[-97.06,51.66],[-97.11,51.64],[-97.13,51.61],[-97.12,51.54],[-97.14,51.5],[-97.22,51.45],[-97.25,51.44],[-97.28,51.49],[-97.29,51.59],[-97.28,51.69],[-97.24,51.77],[-97.25,51.87],[-97.31,51.98],[-97.36,52.04],[-97.45,52.03],[-97.5,52.0],[-97.55,51.92],[-97.57,51.92],[-97.6,51.99],[-97.53,52.06],[-97.5,52.11],[-97.5,52.13],[-97.53,52.14],[-97.68,52.14],[-97.74,52.13],[-97.77,52.11],[-97.73,52.09],[-97.73,52.05],[-97.79,51.91],[-97.82,51.89],[-97.96,51.93],[-98.04,51.98],[-98.05,52.05],[-98.07,52.1],[-98.14,52.16],[-98.14,52.21],[-98.19,52.28],[-98.43,52.38],[-98.45,52.42],[-98.47,52.49],[-98.55,52.56],[-98.81,52.73],[-98.83,52.77],[-98.82,52.78],[-98.9,52.86],[-98.9,52.9],[-98.89,52.92],[-98.77,52.97],[-98.5,53.02],[-98.46,53.04],[-98.53,53.06],[-98.7,53.08],[-98.8,53.08],[-98.9,53.06],[-98.99,53.05],[-99.05,53.07],[-99.19,53.17],[-99.23,53.19],[-99.24,53.21],[-99.2,53.35],[-99.08,53.48],[-99.04,53.56],[-98.99,53.68],[-98.98,53.72],[-99.0,53.75],[-98.93,53.87],[-98.81,53.9],[-98.73,53.88],[-98.61,53.84],[-98.46,53.85],[-98.3,53.83],[-98.01,53.71],[-97.96,53.7],[-97.91,53.7],[-97.9,53.74],[-98.08,53.82],[-98.2,53.87],[-98.26,53.91],[-98.3,53.97],[-98.3,54.02],[-98.25,54.07],[-98.17,54.22],[-98.02,54.41],[-98.0,54.41],[-97.93,54.38],[-97.93,54.35],[-97.99,54.32],[-97.98,54.32],[-97.84,54.32],[-97.82,54.3],[-97.86,54.27],[-98.08,54.2],[-98.17,54.08],[-98.21,54.02],[-98.19,53.99],[-98.06,53.93],[-98.05,53.94],[-98.03,53.98],[-98.0,54.0],[-97.94,54.03],[-97.81,54.04],[-97.73,54.08],[-97.73,54.06],[-97.76,54.01],[-97.97,53.98],[-97.98,53.97],[-97.94,53.89],[-97.83,53.74],[-97.82,53.7],[-97.83,53.64],[-97.79,53.58],[-97.71,53.52],[-97.65,53.4],[-97.58,53.29],[-97.47,53.2],[-97.44,53.12],[-97.35,53.03],[-97.35,53.01],[-97.38,52.98],[-97.42,52.97],[-97.4,52.88],[-97.33,52.78],[-97.2,52.67],[-97.11,52.48],[-97.07,52.41],[-97.0,52.27],[-97.01,52.26],[-97.02,52.2],[-96.99,52.13],[-96.96,52.08],[-96.86,51.99],[-96.83,51.94],[-96.85,51.89],[-96.84,51.87],[-96.77,51.85],[-96.71,51.81],[-96.69,51.79],[-96.71,51.77],[-96.76,51.76],[-96.72,51.7],[-96.6,51.6],[-96.55,51.53],[-96.55,51.48],[-96.5,51.41],[-96.34,51.31],[-96.29,51.25],[-96.29,51.21],[-96.34,51.18],[-96.35,51.15],[-96.39,51.09],[-96.4,51.02],[-96.37,50.86],[-96.36,50.76],[-96.37,50.73]],[[-97.94,52.32],[-97.89,52.36],[-97.94,52.53],[-98.0,52.54],[-98.05,52.46],[-98.04,52.4],[-97.98,52.31],[-97.94,52.32]],[[-96.63,51.15],[-96.6,51.19],[-96.71,51.2],[-96.74,51.14],[-96.78,51.09],[-96.84,51.07],[-96.84,51.03],[-96.76,51.01],[-96.68,51.04],[-96.63,51.15]]]}},{"type":"Feature","properties":{"name":"Great Slave Lake"},"geometry":{"type":"Polygon","coordinates":[[[-109.02,62.81],[-108.92,62.79],[-108.93,62.77],[-108.95,62.75],[-108.99,62.74],[-108.99,62.71],[-109.01,62.69],[-109.25,62.6],[-109.29,62.6],[-109.26,62.66],[-109.3,62.72],[-109.4,62.74],[-109.69,62.78],[-109.75,62.8],[-109.94,62.81],[-110.28,62.83],[-110.47,62.83],[-110.5,62.82],[-110.6,62.83],[-110.66,62.83],[-110.7,62.81],[-110.76,62.76],[-110.97,62.73],[-111.27,62.66],[-111.29,62.63],[-111.27,62.62],[-110.84,62.67],[-110.54,62.66],[-110.51,62.67],[-110.41,62.69],[-109.86,62.67],[-109.77,62.67],[-109.73,62.65],[-109.84,62.61],[-109.96,62.58],[-110.1,62.56],[-110.19,62.55],[-110.26,62.57],[-110.33,62.57],[-110.45,62.54],[-110.55,62.54],[-110.76,62.55],[-110.78,62.54],[-110.68,62.52],[-110.65,62.48],[-110.68,62.42],[-110.7,62.4],[-110.75,62.39],[-110.95,62.4],[-111.06,62.38],[-111.1,62.36],[-111.24,62.3],[-111.29,62.28],[-111.3,62.26],[-111.31,62.23],[-111.39,62.19],[-111.59,62.13],[-111.59,62.1],[-111.63,62.07],[-111.64,62.06],[-111.51,62.06],[-111.5,62.05],[-111.62,61.95],[-111.84,61.86],[-112.09,61.74],[-112.2,61.65],[-112.21,61.62],[-112.33,61.58],[-112.68,61.46],[-112.89,61.41],[-112.97,61.39],[-113.0,61.41],[-112.99,61.43],[-113.01,61.45],[-113.09,61.48],[-113.15,61.47],[-113.36,61.45],[-113.4,61.42],[-113.52,61.38],[-113.6,61.34],[-113.68,61.3],[-113.7,61.28],[-113.7,61.25],[-113.68,61.21],[-113.69,61.19],[-113.73,61.17],[-113.72,61.16],[-113.65,61.16],[-113.63,61.15],[-113.63,61.11],[-113.66,61.07],[-113.73,61.03],[-113.83,61.0],[-113.97,60.98],[-114.09,60.98],[-114.17,61.01],[-114.34,60.99],[-114.58,60.93],[-114.73,60.91],[-114.77,60.92],[-114.91,60.91],[-115.33,60.84],[-115.47,60.84],[-115.74,60.86],[-115.88,60.85],[-116.06,60.87],[-116.42,60.95],[-116.5,60.99],[-116.53,61.03],[-116.61,61.02],[-116.66,61.02],[-116.72,61.04],[-117.09,61.05],[-117.23,61.08],[-117.28,61.1],[-117.44,61.2],[-117.5,61.24],[-117.56,61.26],[-117.63,61.28],[-117.67,61.31],[-117.63,61.31],[-117.47,61.27],[-117.21,61.19],[-117.07,61.15],[-116.98,61.17],[-116.79,61.21],[-116.74,61.22],[-116.73,61.24],[-116.8,61.3],[-116.78,61.32],[-116.76,61.33],[-116.59,61.32],[-116.51,61.31],[-116.45,61.28],[-116.37,61.27],[-116.2,61.27],[-116.12,61.23],[-115.95,61.18],[-115.94,61.19],[-115.95,61.22],[-115.99,61.23],[-115.98,61.24],[-115.87,61.28],[-115.86,61.3],[-115.91,61.33],[-116.01,61.36],[-116.04,61.38],[-115.96,61.41],[-115.92,61.42],[-115.88,61.41],[-115.83,61.41],[-115.72,61.44],[-115.71,61.45],[-115.74,61.47],[-115.75,61.48],[-115.75,61.51],[-115.71,61.57],[-115.68,61.61],[-115.66,61.64],[-115.57,61.69],[-115.57,61.72],[-115.56,61.74],[-115.51,61.76],[-115.34,61.78],[-115.22,61.77],[-115.2,61.76],[-115.19,61.74],[-115.16,61.74],[-114.9,61.77],[-114.84,61.77],[-114.72,61.81],[-114.65,61.86],[-114.64,61.87],[-114.65,61.92],[-114.67,61.94],[-114.72,61.94],[-114.76,61.96],[-114.78,61.99],[-114.85,62.03],[-114.94,62.05],[-115.03,62.1],[-115.05,62.12],[-115.04,62.15],[-115.05,62.17],[-115.17,62.24],[-115.21,62.25],[-115.29,62.24],[-115.31,62.25],[-115.26,62.3],[-115.25,62.33],[-115.29,62.34],[-115.31,62.37],[-115.31,62.41],[-115.29,62.44],[-115.27,62.47],[-115.29,62.48],[-115.37,62.48],[-115.7,62.48],[-115.76,62.54],[-115.79,62.56],[-115.81,62.6],[-115.87,62.63],[-115.99,62.68],[-116.04,62.73],[-116.0,62.77],[-115.91,62.76],[-115.76,62.72],[-115.74,62.7],[-115.75,62.67],[-115.72,62.66],[-115.67,62.66],[-115.29,62.61],[-115.25,62.59],[-115.22,62.57],[-115.2,62.54],[-115.17,62.52],[-115.11,62.5],[-114.9,62.47],[-114.77,62.41],[-114.71,62.38],[-114.62,62.36],[-114.44,62.37],[-114.37,62.39],[-114.35,62.41],[-114.32,62.42],[-114.28,62.41],[-114.23,62.38],[-114.22,62.37],[-114.25,62.33],[-114.22,62.31],[-114.16,62.28],[-114.14,62.28],[-114.08,62.28],[-114.02,62.27],[-113.89,62.21],[-113.86,62.18],[-113.76,62.1],[-113.57,62.02],[-113.49,62.02],[-113.31,62.01],[-113.11,62.03],[-113.04,62.02],[-113.0,62.04],[-112.92,62.07],[-112.91,62.07],[-112.89,62.04],[-112.53,62.07],[-112.3,62.13],[-112.08,62.23],[-111.96,62.29],[-111.78,62.37],[-111.7,62.42],[-111.64,62.5],[-111.59,62.54],[-111.55,62.56],[-111.51,62.59],[-111.48,62.66],[-111.39,62.72],[-111.26,62.78],[-111.08,62.84],[-110.67,62.93],[-110.53,62.95],[-110.06,62.95],[-109.98,62.94],[-109.89,62.92],[-109.7,62.91],[-109.64,62.9],[-109.35,62.87],[-109.19,62.85],[-109.05,62.83],[-109.02,62.81]],[[-111.75,62.08],[-111.67,62.12],[-111.71,62.13],[-111.83,62.11],[-111.98,62.03],[-112.07,61.97],[-112.31,61.92],[-112.52,61.88],[-112.7,61.87],[-112.88,61.84],[-112.97,61.83],[-113.01,61.81],[-112.92,61.76],[-112.75,61.76],[-112.74,61.72],[-112.73,61.65],[-112.69,61.6],[-112.6,61.58],[-112.45,61.6],[-112.33,61.65],[-112.25,61.76],[-112.14,61.84],[-111.93,61.92],[-111.79,62.0],[-111.75,62.08]]]}},{"type":"Feature","properties":{"name":"Lake Ontario"},"geometry":{"type":"Polygon","coordinates":[[[-75.79,44.48],[-75.78,44.46],[-75.79,44.43],[-75.83,44.4],[-76.24,44.18],[-76.35,44.11],[-76.31,44.06],[-76.31,44.04],[-76.28,44.05],[-76.2,44.08],[-76.17,44.08],[-76.16,44.07],[-76.15,44.05],[-76.19,44.0],[-76.17,43.99],[-76.1,44.0],[-76.07,44.0],[-76.1,43.97],[-76.14,43.95],[-76.14,43.93],[-76.2,43.87],[-76.22,43.86],[-76.24,43.87],[-76.23,43.9],[-76.28,43.87],[-76.29,43.85],[-76.26,43.83],[-76.23,43.8],[-76.22,43.76],[-76.21,43.67],[-76.2,43.65],[-76.19,43.65],[-76.2,43.63],[-76.2,43.61],[-76.19,43.6],[-76.2,43.58],[-76.23,43.55],[-76.29,43.54],[-76.38,43.53],[-76.47,43.51],[-76.58,43.45],[-76.65,43.41],[-76.69,43.36],[-76.72,43.34],[-76.74,43.35],[-76.89,43.31],[-76.94,43.29],[-76.95,43.27],[-76.96,43.26],[-76.98,43.28],[-77.08,43.29],[-77.27,43.3],[-77.42,43.29],[-77.53,43.27],[-77.62,43.28],[-77.71,43.32],[-77.84,43.36],[-78.17,43.4],[-78.46,43.39],[-78.69,43.36],[-79.05,43.28],[-79.21,43.24],[-79.29,43.21],[-79.34,43.2],[-79.4,43.21],[-79.53,43.21],[-79.64,43.23],[-79.73,43.25],[-79.77,43.3],[-79.77,43.32],[-79.66,43.45],[-79.61,43.51],[-79.6,43.55],[-79.57,43.58],[-79.5,43.61],[-79.48,43.64],[-79.45,43.65],[-79.4,43.65],[-79.3,43.69],[-79.17,43.78],[-79.06,43.84],[-78.99,43.85],[-78.79,43.88],[-78.67,43.9],[-78.58,43.91],[-78.53,43.91],[-78.45,43.92],[-78.33,43.94],[-78.19,43.97],[-78.0,43.98],[-77.88,43.99],[-77.83,44.01],[-77.73,44.01],[-77.71,44.03],[-77.68,44.05],[-77.58,44.04],[-77.55,44.02],[-77.54,44.01],[-77.57,44.01],[-77.55,43.99],[-77.5,43.96],[-77.42,43.95],[-77.33,43.97],[-77.26,43.96],[-77.28,43.95],[-77.31,43.95],[-77.29,43.92],[-77.27,43.92],[-77.19,43.95],[-77.19,43.94],[-77.22,43.9],[-77.21,43.88],[-77.15,43.87],[-77.05,43.88],[-76.93,43.93],[-76.88,43.94],[-76.87,43.97],[-76.91,43.97],[-77.01,43.96],[-77.04,43.94],[-77.04,43.95],[-77.02,43.99],[-76.93,44.04],[-76.89,44.07],[-76.86,44.1],[-76.89,44.1],[-76.97,44.07],[-77.04,44.05],[-77.1,44.05],[-77.12,44.08],[-77.08,44.15],[-77.11,44.17],[-77.27,44.14],[-77.29,44.13],[-77.29,44.12],[-77.27,44.11],[-77.28,44.1],[-77.3,44.1],[-77.33,44.1],[-77.33,44.12],[-77.31,44.14],[-77.33,44.15],[-77.38,44.15],[-77.45,44.13],[-77.59,44.08],[-77.58,44.09],[-77.55,44.12],[-77.4,44.16],[-77.33,44.18],[-77.28,44.18],[-77.25,44.19],[-77.22,44.19],[-77.2,44.17],[-77.15,44.18],[-77.06,44.2],[-77.02,44.2],[-77.03,44.16],[-77.01,44.15],[-76.95,44.19],[-76.91,44.2],[-76.9,44.19],[-77.02,44.13],[-77.06,44.11],[-77.06,44.09],[-77.04,44.07],[-76.99,44.07],[-76.79,44.18],[-76.69,44.22],[-76.59,44.24],[-76.49,44.24],[-76.41,44.26],[-76.34,44.3],[-76.06,44.37],[-75.94,44.41],[-75.83,44.49],[-75.81,44.49],[-75.79,44.48]],[[-76.69,44.14],[-76.64,44.18],[-76.64,44.2],[-76.76,44.17],[-76.8,44.16],[-76.81,44.14],[-76.79,44.13],[-76.73,44.13],[-76.69,44.14]],[[-76.28,44.01],[-76.28,43.99],[-76.26,43.99],[-76.23,44.02],[-76.23,44.03],[-76.26,44.02],[-76.28,44.01]],[[-76.24,44.23],[-76.23,44.25],[-76.28,44.25],[-76.33,44.24],[-76.43,44.23],[-76.45,44.2],[-76.48,44.18],[-76.49,44.16],[-76.48,44.15],[-76.47,44.14],[-76.48,44.13],[-76.47,44.12],[-76.42,44.12],[-76.36,44.16],[-76.35,44.18],[-76.33,44.21],[-76.24,44.23]],[[-76.08,44.3],[-76.08,44.31],[-76.12,44.31],[-76.14,44.29],[-76.15,44.28],[-76.14,44.27],[-76.11,44.28],[-76.08,44.3]]]}},{"type":"Feature","properties":{"name":"Great Bear Lake"},"geometry":{"type":"Polygon","coordinates":[[[-117.84,66.42],[-117.68,66.46],[-117.54,66.48],[-117.51,66.46],[-117.55,66.42],[-117.61,66.39],[-117.63,66.37],[-117.67,66.34],[-117.67,66.3],[-117.68,66.25],[-117.73,66.23],[-117.78,66.21],[-117.81,66.19],[-117.87,66.15],[-117.92,66.14],[-117.99,66.11],[-117.97,66.08],[-117.91,66.07],[-117.92,66.04],[-118.07,66.04],[-118.12,66.01],[-118.13,65.96],[-118.2,65.91],[-118.21,65.86],[-118.16,65.83],[-118.06,65.83],[-117.87,65.85],[-117.85,65.84],[-117.9,65.8],[-117.9,65.76],[-117.94,65.72],[-118.03,65.69],[-118.15,65.68],[-118.26,65.67],[-118.38,65.66],[-118.39,65.68],[-118.45,65.68],[-118.57,65.64],[-118.72,65.69],[-118.83,65.75],[-118.94,65.78],[-119.28,65.8],[-119.5,65.79],[-119.62,65.78],[-119.7,65.75],[-119.7,65.71],[-119.89,65.64],[-119.97,65.62],[-119.99,65.59],[-119.76,65.49],[-119.54,65.41],[-119.51,65.37],[-119.56,65.34],[-119.72,65.34],[-119.89,65.33],[-119.99,65.27],[-120.09,65.2],[-120.16,65.18],[-120.47,65.07],[-120.86,64.96],[-120.95,64.94],[-121.07,64.9],[-121.13,64.86],[-121.23,64.83],[-121.37,64.83],[-121.47,64.88],[-121.48,64.93],[-121.4,64.97],[-121.32,64.97],[-121.21,64.99],[-121.09,65.0],[-121.0,65.04],[-120.99,65.08],[-120.55,65.29],[-120.41,65.41],[-120.37,65.51],[-120.38,65.56],[-120.47,65.58],[-120.66,65.61],[-120.98,65.55],[-121.18,65.5],[-121.37,65.44],[-121.55,65.36],[-121.55,65.34],[-121.57,65.3],[-121.61,65.23],[-121.61,65.17],[-121.62,65.13],[-121.61,65.09],[-121.66,65.07],[-121.73,65.06],[-121.77,65.04],[-121.93,65.0],[-122.04,64.96],[-122.56,65.02],[-122.89,65.07],[-123.37,65.11],[-123.45,65.12],[-123.47,65.15],[-123.44,65.19],[-123.34,65.2],[-123.19,65.22],[-122.85,65.28],[-122.77,65.34],[-122.77,65.41],[-122.89,65.49],[-122.79,65.53],[-122.59,65.59],[-122.37,65.66],[-122.21,65.75],[-122.16,65.82],[-122.53,65.94],[-122.55,65.99],[-122.39,66.01],[-122.07,65.98],[-121.77,65.95],[-121.47,65.96],[-121.29,66.0],[-121.25,66.05],[-121.28,66.09],[-121.53,66.12],[-121.69,66.18],[-122.11,66.23],[-122.44,66.25],[-122.75,66.25],[-123.02,66.25],[-123.02,66.22],[-122.99,66.17],[-123.04,66.13],[-123.09,66.1],[-123.1,66.07],[-123.12,66.05],[-123.15,66.06],[-123.2,66.1],[-123.4,66.14],[-123.57,66.14],[-123.77,66.12],[-124.05,66.13],[-124.26,66.16],[-124.5,66.15],[-124.59,66.11],[-124.57,66.06],[-124.59,66.02],[-124.64,66.01],[-124.68,66.03],[-124.73,66.04],[-124.78,66.0],[-124.82,65.94],[-124.9,65.97],[-124.96,66.01],[-125.02,66.06],[-125.09,66.16],[-125.06,66.25],[-124.81,66.28],[-124.59,66.27],[-124.53,66.28],[-124.4,66.31],[-123.56,66.43],[-123.18,66.52],[-123.15,66.51],[-123.14,66.48],[-123.09,66.47],[-122.99,66.5],[-122.84,66.53],[-122.53,66.56],[-122.52,66.6],[-122.41,66.6],[-122.34,66.58],[-121.98,66.64],[-121.61,66.71],[-121.53,66.72],[-121.45,66.74],[-121.23,66.83],[-120.69,66.91],[-120.59,66.93],[-120.22,66.98],[-120.1,67.0],[-119.88,67.03],[-119.78,67.0],[-119.75,66.99],[-119.67,66.99],[-119.44,66.97],[-119.21,66.93],[-119.1,66.91],[-119.25,66.83],[-119.57,66.75],[-119.76,66.7],[-119.99,66.66],[-120.08,66.65],[-120.09,66.63],[-120.13,66.6],[-120.21,66.57],[-120.33,66.54],[-120.34,66.53],[-120.31,66.49],[-120.33,66.47],[-120.41,66.46],[-120.48,66.42],[-120.44,66.39],[-120.23,66.39],[-120.02,66.38],[-119.96,66.36],[-119.77,66.33],[-119.72,66.31],[-119.59,66.31],[-119.52,66.32],[-119.49,66.34],[-119.11,66.33],[-118.76,66.33],[-118.61,66.35],[-118.34,66.4],[-118.25,66.46],[-118.19,66.52],[-118.0,66.6],[-117.84,66.64],[-117.73,66.66],[-117.7,66.66],[-117.68,66.64],[-117.7,66.62],[-117.69,66.6],[-117.73,66.55],[-117.84,66.49],[-117.86,66.46],[-117.86,66.44],[-117.84,66.42]]]}},{"type":"Feature","properties":{"name":"Vänern"},"geometry":{"type":"Polygon","coordinates":[[[14.04,59.08],[14.07,59.1],[14.08,59.1],[14.09,59.09],[14.09,59.08],[14.08,59.06],[14.07,59.03],[14.06,59.02],[14.05,59.01],[14.04,59.0],[14.01,59.0],[13.99,58.99],[13.99,58.95],[13.99,58.9],[13.97,58.87],[13.95,58.84],[13.92,58.82],[13.89,58.8],[13.86,58.77],[13.83,58.74],[13.8,58.72],[13.74,58.7],[13.63,58.68],[13.52,58.66],[13.44,58.64],[13.36,58.62],[13.3,58.56],[13.24,58.52],[13.2,58.51],[13.17,58.51],[13.15,58.52],[13.14,58.54],[13.15,58.56],[13.15,58.57],[13.15,58.6],[13.12,58.61],[13.04,58.6],[12.95,58.57],[12.91,58.55],[12.87,58.5],[12.8,58.49],[12.73,58.45],[12.68,58.42],[12.65,58.4],[12.62,58.38],[12.6,58.38],[12.58,58.37],[12.56,58.37],[12.55,58.38],[12.55,58.39],[12.57,58.42],[12.57,58.43],[12.55,58.43],[12.51,58.4],[12.38,58.38],[12.34,58.37],[12.31,58.4],[12.33,58.43],[12.49,58.51],[12.61,58.62],[12.61,58.64],[12.56,58.65],[12.53,58.66],[12.5,58.7],[12.5,58.73],[12.5,58.76],[12.47,58.78],[12.45,58.78],[12.43,58.8],[12.43,58.81],[12.46,58.82],[12.47,58.84],[12.47,58.88],[12.46,58.92],[12.47,58.94],[12.48,58.93],[12.5,58.92],[12.51,58.9],[12.52,58.87],[12.53,58.85],[12.54,58.83],[12.56,58.82],[12.58,58.83],[12.6,58.85],[12.62,58.89],[12.65,58.93],[12.68,58.99],[12.71,59.04],[12.75,59.06],[12.78,59.08],[12.82,59.08],[12.87,59.07],[12.95,59.05],[13.04,59.01],[13.06,58.98],[13.09,58.95],[13.12,58.92],[13.16,58.91],[13.2,58.9],[13.24,58.91],[13.24,58.93],[13.22,58.99],[13.18,59.1],[13.12,59.2],[13.1,59.26],[13.1,59.27],[13.11,59.28],[13.12,59.3],[13.13,59.32],[13.14,59.34],[13.15,59.35],[13.17,59.35],[13.19,59.33],[13.22,59.31],[13.25,59.31],[13.25,59.33],[13.25,59.34],[13.26,59.35],[13.28,59.36],[13.32,59.36],[13.38,59.36],[13.46,59.37],[13.55,59.38],[13.63,59.39],[13.68,59.39],[13.72,59.38],[13.74,59.36],[13.74,59.34],[13.75,59.33],[13.77,59.33],[13.8,59.34],[13.83,59.34],[13.87,59.34],[13.9,59.33],[13.93,59.33],[13.96,59.33],[14.0,59.33],[14.03,59.32],[14.05,59.31],[14.05,59.3],[14.06,59.29],[14.05,59.27],[14.05,59.24],[14.03,59.2],[13.99,59.16],[13.95,59.11],[13.93,59.09],[13.95,59.07],[13.97,59.07],[14.01,59.07],[14.04,59.08]]]}},{"type":"Feature","properties":{"name":"Lago de Nicaragua"},"geometry":{"type":"Polygon","coordinates":[[[-84.81,11.26],[-84.79,11.21],[-84.78,11.16],[-84.77,11.12],[-84.8,11.06],[-84.84,11.05],[-84.9,11.04],[-84.94,11.05],[-85.0,11.06],[-85.11,11.08],[-85.26,11.12],[-85.41,11.17],[-85.52,11.22],[-85.58,11.25],[-85.64,11.28],[-85.68,11.32],[-85.72,11.35],[-85.75,11.41],[-85.8,11.48],[-85.83,11.56],[-85.85,11.63],[-85.86,11.66],[-85.88,11.68],[-85.89,11.69],[-85.9,11.7],[-85.9,11.72],[-85.9,11.74],[-85.9,11.79],[-85.91,11.87],[-85.91,11.95],[-85.91,12.0],[-85.89,12.04],[-85.87,12.1],[-85.83,12.11],[-85.8,12.11],[-85.75,12.09],[-85.68,12.06],[-85.59,12.02],[-85.51,11.96],[-85.44,11.9],[-85.36,11.86],[-85.26,11.78],[-85.13,11.66],[-85.01,11.53],[-84.92,11.41],[-84.86,11.33],[-84.81,11.26]]]}},{"type":"Feature","properties":{"name":"Lago Titicaca"},"geometry":{"type":"Polygon","coordinates":[[[-69.37,-16.22],[-69.4,-16.2],[-69.44,-16.19],[-69.48,-16.18],[-69.49,-16.16],[-69.45,-16.11],[-69.44,-16.06],[-69.45,-16.03],[-69.49,-16.01],[-69.56,-15.99],[-69.63,-15.97],[-69.67,-15.94],[-69.69,-15.92],[-69.72,-15.91],[-69.75,-15.89],[-69.78,-15.86],[-69.81,-15.83],[-69.83,-15.82],[-69.85,-15.83],[-69.85,-15.84],[-69.85,-15.86],[-69.84,-15.88],[-69.83,-15.9],[-69.83,-15.92],[-69.84,-15.92],[-69.86,-15.92],[-69.88,-15.91],[-69.89,-15.9],[-69.92,-15.88],[-69.96,-15.86],[-69.99,-15.84],[-70.01,-15.83],[-70.02,-15.81],[-70.02,-15.77],[-70.02,-15.73],[-70.0,-15.71],[-69.98,-15.68],[-69.96,-15.65],[-69.92,-15.63],[-69.87,-15.66],[-69.82,-15.69],[-69.8,-15.69],[-69.82,-15.64],[-69.87,-15.53],[-69.93,-15.43],[-69.94,-15.4],[-69.91,-15.37],[-69.86,-15.34],[-69.84,-15.32],[-69.83,-15.31],[-69.8,-15.3],[-69.76,-15.29],[-69.74,-15.27],[-69.69,-15.26],[-69.62,-15.34],[-69.54,-15.37],[-69.45,-15.47],[-69.41,-15.49],[-69.36,-15.51],[-69.3,-15.62],[-69.27,-15.63],[-69.22,-15.66],[-69.19,-15.68],[-69.17,-15.7],[-69.15,-15.72],[-69.1,-15.77],[-69.04,-15.8],[-69.01,-15.85],[-69.01,-15.91],[-69.0,-15.93],[-68.9,-15.94],[-68.83,-15.95],[-68.8,-15.97],[-68.81,-15.99],[-68.83,-16.02],[-68.85,-16.05],[-68.89,-16.08],[-68.87,-16.14],[-68.83,-16.19],[-68.76,-16.2],[-68.69,-16.22],[-68.64,-16.22],[-68.59,-16.24],[-68.59,-16.27],[-68.59,-16.29],[-68.59,-16.3],[-68.61,-16.31],[-68.66,-16.32],[-68.69,-16.33],[-68.7,-16.34],[-68.71,-16.36],[-68.74,-16.38],[-68.79,-16.41],[-68.86,-16.41],[-68.91,-16.42],[-68.93,-16.45],[-68.9,-16.46],[-68.87,-16.5],[-68.86,-16.52],[-68.86,-16.55],[-68.86,-16.57],[-68.87,-16.59],[-68.9,-16.59],[-68.94,-16.58],[-69.01,-16.55],[-69.05,-16.52],[-69.08,-16.52],[-69.1,-16.48],[-69.05,-16.42],[-69.04,-16.36],[-69.04,-16.32],[-69.04,-16.28],[-69.0,-16.25],[-68.95,-16.22],[-68.91,-16.24],[-68.89,-16.24],[-68.89,-16.21],[-68.95,-16.18],[-69.02,-16.11],[-69.08,-16.08],[-69.1,-16.09],[-69.11,-16.13],[-69.12,-16.18],[-69.14,-16.23],[-69.18,-16.25],[-69.22,-16.25],[-69.27,-16.25],[-69.32,-16.24],[-69.37,-16.22]]]}},{"type":"Feature","properties":{"name":"Cedar Lake"},"geometry":{"type":"Polygon","coordinates":[[[-99.35,53.2],[-99.33,53.16],[-99.37,53.15],[-99.39,53.13],[-99.4,53.1],[-99.39,53.09],[-99.4,53.07],[-99.42,53.06],[-99.44,53.06],[-99.46,53.05],[-99.49,53.05],[-99.52,53.06],[-99.54,53.07],[-99.54,53.08],[-99.54,53.1],[-99.55,53.1],[-99.57,53.11],[-99.58,53.12],[-99.59,53.14],[-99.61,53.16],[-99.62,53.18],[-99.64,53.19],[-99.64,53.18],[-99.64,53.17],[-99.65,53.16],[-99.66,53.15],[-99.69,53.14],[-99.73,53.14],[-99.8,53.14],[-99.88,53.1],[-99.97,53.1],[-100.05,53.12],[-100.12,53.13],[-100.2,53.15],[-100.27,53.19],[-100.35,53.23],[-100.41,53.27],[-100.47,53.29],[-100.54,53.31],[-100.65,53.35],[-100.71,53.38],[-100.77,53.4],[-100.78,53.41],[-100.84,53.43],[-100.88,53.45],[-100.89,53.47],[-100.88,53.49],[-100.86,53.5],[-100.78,53.5],[-100.71,53.5],[-100.64,53.49],[-100.6,53.5],[-100.59,53.51],[-100.59,53.52],[-100.61,53.53],[-100.63,53.55],[-100.63,53.57],[-100.59,53.57],[-100.51,53.58],[-100.39,53.58],[-100.32,53.59],[-100.31,53.64],[-100.32,53.67],[-100.35,53.71],[-100.38,53.76],[-100.43,53.79],[-100.41,53.82],[-100.33,53.87],[-100.35,53.9],[-100.39,53.89],[-100.47,53.9],[-100.5,53.91],[-100.51,53.92],[-100.48,53.95],[-100.39,53.95],[-100.33,53.96],[-100.3,53.97],[-100.3,53.99],[-100.3,54.01],[-100.31,54.03],[-100.3,54.06],[-100.31,54.1],[-100.33,54.14],[-100.35,54.18],[-100.36,54.2],[-100.35,54.22],[-100.33,54.22],[-100.31,54.22],[-100.28,54.21],[-100.24,54.21],[-100.22,54.22],[-100.19,54.24],[-100.16,54.25],[-100.12,54.25],[-100.06,54.22],[-99.99,54.19],[-99.93,54.19],[-99.88,54.19],[-99.87,54.19],[-99.93,54.15],[-100.06,54.1],[-100.18,54.04],[-100.23,54.02],[-100.21,54.01],[-100.18,54.0],[-100.14,53.99],[-100.11,53.97],[-100.09,53.94],[-100.11,53.91],[-100.14,53.88],[-100.15,53.86],[-100.14,53.85],[-100.12,53.84],[-100.06,53.85],[-99.96,53.88],[-99.84,53.93],[-99.74,53.99],[-99.66,54.03],[-99.62,54.04],[-99.6,54.03],[-99.6,54.01],[-99.62,53.99],[-99.65,53.96],[-99.69,53.92],[-99.73,53.87],[-99.78,53.84],[-99.83,53.83],[-99.88,53.83],[-99.91,53.83],[-99.91,53.81],[-99.92,53.78],[-99.93,53.76],[-99.95,53.75],[-100.0,53.73],[-100.03,53.71],[-100.08,53.69],[-100.12,53.69],[-100.17,53.68],[-100.2,53.66],[-100.22,53.65],[-100.22,53.63],[-100.19,53.61],[-100.1,53.58],[-100.02,53.53],[-99.98,53.49],[-99.96,53.46],[-99.94,53.43],[-99.93,53.41],[-99.94,53.38],[-99.95,53.35],[-99.94,53.33],[-99.92,53.31],[-99.91,53.29],[-99.91,53.27],[-99.89,53.26],[-99.87,53.25],[-99.84,53.24],[-99.8,53.25],[-99.76,53.27],[-99.69,53.3],[-99.59,53.32],[-99.49,53.33],[-99.44,53.34],[-99.42,53.33],[-99.41,53.31],[-99.41,53.28],[-99.41,53.26],[-99.38,53.22],[-99.35,53.2]]]}},{"type":"Feature","properties":{"name":"Lake Onega"},"geometry":{"type":"Polygon","coordinates":[[[36.42,61.39],[36.43,61.37],[36.42,61.35],[36.41,61.32],[36.4,61.3],[36.38,61.28],[36.37,61.27],[36.37,61.26],[36.38,61.24],[36.39,61.23],[36.4,61.21],[36.39,61.18],[36.36,61.16],[36.33,61.13],[36.28,61.11],[36.22,61.1],[36.16,61.08],[36.1,61.06],[36.04,61.03],[35.98,60.99],[35.91,60.97],[35.88,60.95],[35.88,60.93],[35.9,60.92],[35.91,60.9],[35.9,60.89],[35.88,60.88],[35.85,60.87],[35.83,60.87],[35.8,60.87],[35.77,60.89],[35.72,60.91],[35.63,60.92],[35.55,60.94],[35.5,60.97],[35.47,61.0],[35.45,61.02],[35.43,61.03],[35.4,61.04],[35.36,61.04],[35.32,61.03],[35.26,61.02],[35.18,61.01],[35.13,61.01],[35.12,61.02],[35.09,61.05],[35.02,61.06],[34.94,61.07],[34.9,61.05],[34.87,61.03],[34.85,61.03],[34.83,61.04],[34.81,61.05],[34.8,61.07],[34.8,61.1],[34.8,61.12],[34.8,61.15],[34.82,61.17],[34.84,61.19],[34.89,61.21],[34.97,61.21],[35.08,61.21],[35.16,61.19],[35.21,61.18],[35.23,61.16],[35.21,61.16],[35.14,61.16],[35.08,61.15],[35.05,61.14],[35.06,61.13],[35.08,61.11],[35.11,61.09],[35.14,61.08],[35.19,61.07],[35.26,61.07],[35.34,61.07],[35.44,61.06],[35.53,61.02],[35.58,61.03],[35.62,61.08],[35.63,61.11],[35.63,61.15],[35.61,61.2],[35.58,61.25],[35.54,61.29],[35.49,61.33],[35.46,61.36],[35.4,61.39],[35.3,61.43],[35.15,61.48],[34.96,61.54],[34.77,61.6],[34.63,61.65],[34.53,61.7],[34.45,61.75],[34.39,61.8],[34.34,61.83],[34.32,61.85],[34.31,61.87],[34.34,61.86],[34.38,61.84],[34.45,61.82],[34.49,61.81],[34.53,61.81],[34.56,61.82],[34.58,61.85],[34.59,61.87],[34.59,61.91],[34.59,61.94],[34.57,61.97],[34.54,62.0],[34.48,62.04],[34.38,62.09],[34.29,62.14],[34.26,62.17],[34.26,62.19],[34.26,62.21],[34.27,62.24],[34.26,62.26],[34.22,62.29],[34.16,62.34],[34.1,62.38],[34.04,62.4],[34.0,62.4],[33.98,62.41],[33.96,62.42],[33.95,62.45],[33.94,62.48],[33.94,62.5],[33.96,62.51],[33.98,62.52],[34.0,62.52],[34.03,62.51],[34.05,62.49],[34.08,62.46],[34.14,62.41],[34.22,62.35],[34.29,62.3],[34.33,62.26],[34.33,62.25],[34.32,62.23],[34.34,62.2],[34.42,62.16],[34.51,62.12],[34.59,62.1],[34.64,62.09],[34.65,62.11],[34.64,62.14],[34.63,62.18],[34.65,62.21],[34.66,62.24],[34.62,62.3],[34.61,62.34],[34.63,62.35],[34.68,62.34],[34.7,62.37],[34.66,62.41],[34.59,62.46],[34.55,62.5],[34.53,62.52],[34.52,62.54],[34.53,62.55],[34.56,62.54],[34.59,62.52],[34.64,62.49],[34.7,62.44],[34.76,62.38],[34.81,62.33],[34.84,62.31],[34.85,62.29],[34.86,62.26],[34.87,62.22],[34.89,62.19],[34.93,62.16],[34.98,62.12],[35.03,62.08],[35.08,62.05],[35.12,62.05],[35.15,62.07],[35.16,62.08],[35.17,62.1],[35.14,62.13],[35.09,62.17],[35.05,62.21],[35.05,62.23],[35.1,62.22],[35.19,62.19],[35.28,62.16],[35.34,62.15],[35.39,62.16],[35.45,62.18],[35.52,62.21],[35.55,62.24],[35.56,62.26],[35.57,62.29],[35.56,62.32],[35.54,62.35],[35.5,62.4],[35.43,62.47],[35.35,62.52],[35.27,62.55],[35.2,62.55],[35.15,62.56],[35.09,62.58],[35.02,62.61],[34.97,62.64],[34.94,62.64],[34.87,62.61],[34.84,62.59],[34.78,62.62],[34.74,62.62],[34.7,62.64],[34.66,62.68],[34.62,62.71],[34.58,62.76],[34.54,62.82],[34.48,62.87],[34.49,62.9],[34.53,62.92],[34.6,62.87],[34.7,62.84],[34.79,62.83],[34.85,62.83],[34.91,62.81],[34.96,62.8],[35.01,62.77],[35.08,62.74],[35.2,62.7],[35.33,62.67],[35.42,62.63],[35.46,62.6],[35.49,62.61],[35.49,62.62],[35.5,62.62],[35.52,62.62],[35.54,62.6],[35.59,62.58],[35.64,62.56],[35.7,62.54],[35.74,62.52],[35.77,62.5],[35.8,62.46],[35.82,62.41],[35.82,62.35],[35.8,62.28],[35.76,62.2],[35.73,62.14],[35.67,62.08],[35.69,62.04],[35.75,62.0],[35.82,61.95],[35.84,61.9],[35.87,61.85],[35.93,61.81],[35.98,61.76],[36.03,61.7],[36.06,61.65],[36.11,61.61],[36.16,61.57],[36.2,61.53],[36.25,61.49],[36.31,61.46],[36.37,61.43],[36.41,61.41],[36.42,61.39]],[[35.33,61.94],[35.35,62.0],[35.34,62.03],[35.31,62.08],[35.25,62.08],[35.2,61.99],[35.17,61.91],[35.16,61.86],[35.2,61.84],[35.27,61.87],[35.33,61.94]]]}},{"type":"Feature","properties":{"name":"Great Salt Lake"},"geometry":{"type":"Polygon","coordinates":[[[-111.97,41.0],[-111.95,40.97],[-111.96,40.94],[-112.05,40.9],[-112.1,40.88],[-112.19,40.77],[-112.27,40.74],[-112.33,40.7],[-112.37,40.7],[-112.39,40.76],[-112.44,40.82],[-112.45,40.88],[-112.48,40.94],[-112.49,40.94],[-112.51,40.92],[-112.52,40.88],[-112.55,40.84],[-112.58,40.85],[-112.63,40.93],[-112.69,40.98],[-112.73,41.02],[-112.75,41.06],[-112.77,41.11],[-112.79,41.17],[-112.81,41.22],[-112.85,41.26],[-112.88,41.29],[-112.92,41.33],[-112.96,41.38],[-112.98,41.43],[-113.0,41.49],[-113.0,41.53],[-113.0,41.56],[-113.0,41.58],[-113.01,41.58],[-113.01,41.6],[-113.0,41.61],[-112.97,41.61],[-112.91,41.64],[-112.84,41.66],[-112.8,41.67],[-112.77,41.67],[-112.74,41.66],[-112.72,41.64],[-112.71,41.6],[-112.73,41.56],[-112.74,41.54],[-112.71,41.5],[-112.67,41.47],[-112.6,41.43],[-112.55,41.43],[-112.53,41.42],[-112.51,41.38],[-112.49,41.31],[-112.46,41.25],[-112.44,41.22],[-112.42,41.22],[-112.41,41.22],[-112.39,41.22],[-112.38,41.23],[-112.37,41.25],[-112.38,41.32],[-112.39,41.38],[-112.4,41.43],[-112.39,41.45],[-112.37,41.46],[-112.33,41.44],[-112.29,41.41],[-112.24,41.39],[-112.17,41.4],[-112.09,41.41],[-112.06,41.4],[-112.06,41.39],[-112.08,41.35],[-112.11,41.34],[-112.18,41.34],[-112.24,41.34],[-112.27,41.33],[-112.29,41.32],[-112.3,41.28],[-112.28,41.27],[-112.24,41.22],[-112.21,41.19],[-112.18,41.16],[-112.15,41.13],[-112.08,41.06],[-111.97,41.0]],[[-112.17,40.88],[-112.16,40.96],[-112.2,41.06],[-112.24,41.07],[-112.26,41.06],[-112.25,41.02],[-112.25,40.96],[-112.22,40.92],[-112.17,40.88]]]}},{"type":"Feature","properties":{"name":"Lake Michigan"},"geometry":{"type":"Polygon","coordinates":[[[-84.76,45.79],[-84.77,45.8],[-84.81,45.77],[-84.87,45.77],[-84.95,45.77],[-84.98,45.77],[-84.95,45.74],[-84.98,45.71],[-85.05,45.66],[-85.09,45.6],[-85.1,45.55],[-85.09,45.51],[-85.06,45.47],[-85.01,45.44],[-84.94,45.43],[-84.93,45.41],[-84.97,45.39],[-85.03,45.38],[-85.13,45.38],[-85.22,45.36],[-85.32,45.31],[-85.38,45.28],[-85.39,45.24],[-85.39,45.2],[-85.38,45.08],[-85.39,45.03],[-85.43,44.95],[-85.48,44.84],[-85.55,44.77],[-85.56,44.78],[-85.55,44.81],[-85.5,44.92],[-85.49,44.97],[-85.49,44.99],[-85.51,45.0],[-85.53,44.98],[-85.56,44.93],[-85.56,44.91],[-85.55,44.9],[-85.56,44.87],[-85.59,44.82],[-85.62,44.8],[-85.65,44.84],[-85.64,44.88],[-85.61,44.97],[-85.62,44.99],[-85.6,45.04],[-85.58,45.08],[-85.6,45.12],[-85.59,45.16],[-85.56,45.2],[-85.57,45.21],[-85.62,45.19],[-85.69,45.13],[-85.78,45.01],[-85.86,44.96],[-85.91,44.98],[-85.95,44.97],[-85.98,44.93],[-86.02,44.92],[-86.06,44.92],[-86.08,44.88],[-86.09,44.79],[-86.13,44.75],[-86.24,44.72],[-86.26,44.7],[-86.26,44.67],[-86.24,44.63],[-86.24,44.55],[-86.26,44.43],[-86.3,44.33],[-86.35,44.24],[-86.42,44.17],[-86.52,44.07],[-86.52,44.05],[-86.47,43.98],[-86.45,43.92],[-86.44,43.81],[-86.44,43.79],[-86.54,43.66],[-86.54,43.64],[-86.44,43.41],[-86.34,43.24],[-86.33,43.22],[-86.3,43.16],[-86.25,43.03],[-86.22,42.9],[-86.22,42.77],[-86.23,42.65],[-86.26,42.53],[-86.3,42.42],[-86.35,42.31],[-86.41,42.22],[-86.52,42.08],[-86.58,41.99],[-86.63,41.91],[-86.69,41.85],[-86.8,41.79],[-87.07,41.67],[-87.16,41.65],[-87.25,41.64],[-87.36,41.64],[-87.41,41.66],[-87.42,41.68],[-87.45,41.68],[-87.48,41.7],[-87.52,41.72],[-87.56,41.77],[-87.6,41.86],[-87.65,42.0],[-87.69,42.08],[-87.73,42.11],[-87.77,42.15],[-87.8,42.21],[-87.81,42.34],[-87.81,42.54],[-87.8,42.68],[-87.78,42.75],[-87.79,42.81],[-87.82,42.85],[-87.84,42.9],[-87.85,42.95],[-87.86,42.99],[-87.89,43.01],[-87.89,43.04],[-87.88,43.08],[-87.88,43.1],[-87.89,43.12],[-87.9,43.14],[-87.89,43.16],[-87.9,43.24],[-87.9,43.29],[-87.88,43.35],[-87.82,43.44],[-87.81,43.49],[-87.8,43.54],[-87.77,43.6],[-87.7,43.72],[-87.7,43.75],[-87.72,43.81],[-87.73,43.85],[-87.72,43.91],[-87.7,43.98],[-87.66,44.06],[-87.6,44.12],[-87.53,44.17],[-87.51,44.23],[-87.54,44.29],[-87.53,44.39],[-87.49,44.51],[-87.44,44.6],[-87.39,44.66],[-87.36,44.72],[-87.34,44.78],[-87.35,44.8],[-87.38,44.83],[-87.42,44.87],[-87.48,44.87],[-87.56,44.85],[-87.57,44.85],[-87.6,44.85],[-87.68,44.79],[-87.74,44.69],[-87.79,44.65],[-87.85,44.62],[-87.9,44.59],[-87.93,44.56],[-87.97,44.55],[-88.02,44.57],[-88.03,44.62],[-88.0,44.69],[-87.95,44.76],[-87.86,44.88],[-87.85,44.91],[-87.83,44.94],[-87.68,44.99],[-87.63,45.03],[-87.61,45.08],[-87.6,45.16],[-87.59,45.18],[-87.57,45.19],[-87.51,45.25],[-87.4,45.37],[-87.3,45.48],[-87.22,45.61],[-87.15,45.68],[-87.11,45.69],[-87.08,45.73],[-87.04,45.84],[-87.0,45.9],[-86.98,45.92],[-86.97,45.91],[-86.99,45.84],[-86.99,45.79],[-86.97,45.72],[-86.94,45.7],[-86.88,45.72],[-86.84,45.77],[-86.8,45.83],[-86.75,45.86],[-86.7,45.85],[-86.66,45.85],[-86.63,45.87],[-86.56,45.88],[-86.55,45.86],[-86.56,45.81],[-86.58,45.78],[-86.61,45.78],[-86.65,45.76],[-86.69,45.7],[-86.69,45.66],[-86.64,45.62],[-86.62,45.62],[-86.62,45.65],[-86.6,45.68],[-86.53,45.74],[-86.53,45.75],[-86.4,45.8],[-86.35,45.83],[-86.34,45.87],[-86.27,45.94],[-86.21,45.96],[-86.12,45.97],[-86.04,45.96],[-85.96,45.94],[-85.91,45.94],[-85.9,45.96],[-85.83,45.98],[-85.71,45.99],[-85.61,46.02],[-85.56,46.08],[-85.48,46.11],[-85.39,46.11],[-85.26,46.09],[-85.1,46.05],[-84.97,45.99],[-84.8,45.87],[-84.76,45.86],[-84.76,45.79]],[[-85.49,45.76],[-85.54,45.77],[-85.57,45.74],[-85.61,45.66],[-85.61,45.61],[-85.59,45.6],[-85.55,45.6],[-85.51,45.62],[-85.49,45.66],[-85.5,45.75],[-85.49,45.76]],[[-86.05,45.16],[-86.06,45.15],[-86.04,45.1],[-86.02,45.09],[-85.99,45.09],[-85.98,45.1],[-85.98,45.13],[-86.0,45.15],[-86.05,45.16]],[[-86.93,45.41],[-86.94,45.43],[-86.97,45.37],[-86.95,45.35],[-86.89,45.34],[-86.86,45.35],[-86.86,45.39],[-86.86,45.41],[-86.88,45.41],[-86.93,45.41]],[[-87.05,45.3],[-87.09,45.28],[-87.12,45.23],[-87.17,45.19],[-87.22,45.17],[-87.26,45.14],[-87.28,45.08],[-87.32,45.03],[-87.4,44.95],[-87.4,44.93],[-87.4,44.9],[-87.38,44.86],[-87.36,44.84],[-87.32,44.83],[-87.28,44.84],[-87.19,44.92],[-87.18,44.94],[-87.19,44.95],[-87.18,44.98],[-87.14,45.04],[-87.11,45.07],[-87.1,45.07],[-87.08,45.08],[-87.06,45.1],[-87.06,45.12],[-87.09,45.15],[-87.08,45.15],[-87.06,45.15],[-87.05,45.17],[-87.05,45.22],[-87.04,45.24],[-87.01,45.23],[-86.99,45.24],[-86.99,45.27],[-87.0,45.3],[-87.05,45.3]]]}},{"type":"Feature","properties":{"name":"Lake Superior"},"geometry":{"type":"Polygon","coordinates":[[[-84.43,46.52],[-84.34,46.53],[-84.36,46.51],[-84.39,46.5],[-84.42,46.49],[-84.47,46.46],[-84.53,46.44],[-84.59,46.44],[-84.64,46.48],[-84.7,46.49],[-84.78,46.47],[-84.85,46.47],[-84.91,46.49],[-85.03,46.51],[-85.05,46.52],[-85.05,46.54],[-85.03,46.56],[-85.02,46.61],[-85.02,46.69],[-85.0,46.74],[-84.97,46.77],[-85.02,46.78],[-85.14,46.78],[-85.28,46.75],[-85.44,46.71],[-85.62,46.69],[-85.8,46.7],[-85.95,46.7],[-86.11,46.68],[-86.13,46.69],[-86.23,46.66],[-86.4,46.59],[-86.53,46.52],[-86.64,46.45],[-86.65,46.45],[-86.68,46.47],[-86.73,46.49],[-86.79,46.49],[-86.85,46.47],[-86.91,46.48],[-86.98,46.53],[-87.03,46.54],[-87.09,46.52],[-87.17,46.51],[-87.36,46.52],[-87.38,46.54],[-87.39,46.59],[-87.42,46.61],[-87.45,46.63],[-87.51,46.68],[-87.64,46.83],[-87.67,46.84],[-87.78,46.89],[-87.88,46.91],[-88.13,46.94],[-88.18,46.95],[-88.22,46.95],[-88.38,46.87],[-88.39,46.86],[-88.4,46.84],[-88.43,46.81],[-88.45,46.8],[-88.46,46.81],[-88.48,46.84],[-88.47,46.89],[-88.46,46.96],[-88.47,47.01],[-88.5,47.03],[-88.52,47.06],[-88.52,47.1],[-88.54,47.12],[-88.6,47.14],[-88.63,47.17],[-88.63,47.2],[-88.63,47.22],[-88.65,47.23],[-88.72,47.21],[-88.83,47.15],[-88.91,47.09],[-88.95,47.04],[-89.01,47.02],[-89.09,47.01],[-89.16,46.99],[-89.27,46.92],[-89.36,46.88],[-89.5,46.85],[-89.69,46.84],[-89.86,46.79],[-89.99,46.72],[-90.15,46.65],[-90.34,46.6],[-90.47,46.58],[-90.54,46.6],[-90.62,46.63],[-90.74,46.69],[-90.75,46.68],[-90.75,46.67],[-90.75,46.66],[-90.77,46.65],[-90.92,46.6],[-90.94,46.62],[-90.89,46.68],[-90.86,46.72],[-90.86,46.76],[-90.84,46.81],[-90.79,46.87],[-90.77,46.91],[-90.78,46.93],[-90.84,46.96],[-90.89,46.97],[-90.95,46.95],[-91.13,46.87],[-91.14,46.87],[-91.2,46.89],[-91.22,46.89],[-91.36,46.81],[-91.5,46.77],[-91.84,46.7],[-91.92,46.69],[-91.99,46.7],[-92.07,46.74],[-92.11,46.76],[-92.1,46.79],[-92.06,46.82],[-91.64,47.05],[-91.39,47.22],[-90.96,47.52],[-90.85,47.59],[-90.6,47.69],[-90.2,47.79],[-90.0,47.84],[-89.83,47.9],[-89.72,47.95],[-89.67,47.98],[-89.63,47.99],[-89.61,47.99],[-89.55,48.01],[-89.45,48.09],[-89.44,48.1],[-89.34,48.12],[-89.31,48.16],[-89.3,48.2],[-89.25,48.28],[-89.22,48.31],[-89.21,48.34],[-89.23,48.38],[-89.22,48.42],[-89.2,48.45],[-89.09,48.5],[-88.78,48.58],[-88.76,48.57],[-88.82,48.51],[-88.88,48.38],[-88.9,48.38],[-88.92,48.36],[-88.93,48.34],[-88.89,48.34],[-88.78,48.37],[-88.73,48.38],[-88.72,48.41],[-88.71,48.48],[-88.68,48.51],[-88.65,48.52],[-88.64,48.55],[-88.62,48.6],[-88.6,48.63],[-88.56,48.64],[-88.55,48.66],[-88.55,48.68],[-88.54,48.75],[-88.53,48.79],[-88.5,48.83],[-88.46,48.85],[-88.39,48.84],[-88.35,48.82],[-88.33,48.78],[-88.32,48.74],[-88.33,48.71],[-88.39,48.66],[-88.57,48.53],[-88.58,48.49],[-88.57,48.47],[-88.56,48.45],[-88.54,48.44],[-88.5,48.47],[-88.48,48.49],[-88.49,48.51],[-88.48,48.53],[-88.44,48.56],[-88.42,48.57],[-88.4,48.56],[-88.37,48.56],[-88.33,48.58],[-88.25,48.6],[-88.23,48.6],[-88.14,48.68],[-88.11,48.73],[-88.11,48.78],[-88.15,48.82],[-88.22,48.87],[-88.25,48.92],[-88.25,48.94],[-88.26,48.97],[-88.25,48.99],[-88.2,48.98],[-88.16,48.98],[-88.13,49.0],[-88.07,49.0],[-88.02,49.0],[-87.97,48.96],[-87.76,48.92],[-87.69,48.9],[-87.59,48.88],[-87.57,48.87],[-87.55,48.85],[-87.52,48.84],[-87.46,48.84],[-87.41,48.84],[-87.31,48.8],[-87.22,48.78],[-87.08,48.78],[-87.01,48.79],[-86.89,48.77],[-86.82,48.77],[-86.75,48.8],[-86.69,48.81],[-86.64,48.8],[-86.62,48.78],[-86.58,48.75],[-86.46,48.77],[-86.43,48.76],[-86.4,48.73],[-86.39,48.71],[-86.37,48.69],[-86.33,48.64],[-86.31,48.62],[-86.28,48.6],[-86.26,48.55],[-86.24,48.47],[-86.22,48.42],[-86.19,48.41],[-86.18,48.38],[-86.16,48.3],[-86.1,48.21],[-86.02,48.12],[-85.91,48.03],[-85.78,47.97],[-85.61,47.94],[-85.47,47.93],[-85.34,47.95],[-85.17,47.96],[-84.96,47.96],[-84.86,47.95],[-84.85,47.93],[-84.87,47.9],[-84.92,47.85],[-84.92,47.83],[-84.92,47.79],[-84.96,47.75],[-84.98,47.72],[-84.97,47.7],[-84.99,47.67],[-85.01,47.64],[-85.0,47.59],[-84.94,47.54],[-84.86,47.5],[-84.77,47.46],[-84.72,47.43],[-84.69,47.39],[-84.67,47.37],[-84.64,47.37],[-84.62,47.35],[-84.59,47.32],[-84.62,47.27],[-84.69,47.19],[-84.72,47.14],[-84.71,47.12],[-84.77,47.04],[-84.78,47.0],[-84.75,46.98],[-84.66,46.95],[-84.62,46.92],[-84.6,46.92],[-84.58,46.94],[-84.55,46.95],[-84.49,46.94],[-84.44,46.93],[-84.39,46.91],[-84.37,46.88],[-84.38,46.85],[-84.41,46.84],[-84.48,46.85],[-84.53,46.83],[-84.55,46.81],[-84.56,46.73],[-84.54,46.7],[-84.53,46.7],[-84.51,46.71],[-84.49,46.74],[-84.46,46.75],[-84.44,46.72],[-84.47,46.67],[-84.55,46.6],[-84.57,46.58],[-84.57,46.54],[-84.5,46.48],[-84.47,46.49],[-84.46,46.5],[-84.43,46.52]],[[-90.76,46.97],[-90.77,46.95],[-90.76,46.94],[-90.72,46.92],[-90.71,46.93],[-90.71,46.94],[-90.74,46.96],[-90.76,46.97]],[[-90.65,46.83],[-90.59,46.85],[-90.6,46.87],[-90.62,46.87],[-90.75,46.81],[-90.78,46.79],[-90.79,46.77],[-90.77,46.77],[-90.71,46.78],[-90.68,46.8],[-90.68,46.81],[-90.65,46.83]],[[-90.55,46.92],[-90.53,46.95],[-90.54,46.96],[-90.58,46.96],[-90.65,46.94],[-90.65,46.92],[-90.58,46.91],[-90.55,46.92]],[[-90.41,47.04],[-90.41,47.06],[-90.42,47.07],[-90.45,47.07],[-90.46,47.05],[-90.47,47.02],[-90.46,47.01],[-90.43,47.03],[-90.41,47.04]],[[-88.06,48.84],[-88.09,48.81],[-88.08,48.74],[-88.06,48.72],[-88.03,48.72],[-88.0,48.74],[-87.94,48.76],[-87.86,48.76],[-87.82,48.77],[-87.81,48.78],[-87.78,48.8],[-87.77,48.81],[-87.77,48.84],[-87.81,48.86],[-87.92,48.87],[-88.0,48.86],[-88.06,48.84]],[[-88.91,47.94],[-88.62,48.04],[-88.59,48.07],[-88.6,48.09],[-88.58,48.11],[-88.48,48.17],[-88.5,48.18],[-88.59,48.16],[-88.76,48.1],[-89.15,47.95],[-89.19,47.93],[-89.2,47.92],[-89.17,47.92],[-89.17,47.9],[-89.2,47.87],[-89.19,47.85],[-89.16,47.84],[-89.08,47.85],[-88.97,47.88],[-88.93,47.9],[-88.92,47.91],[-88.96,47.91],[-88.95,47.93],[-88.91,47.94]],[[-87.79,47.41],[-87.74,47.43],[-87.79,47.47],[-87.88,47.48],[-87.99,47.48],[-88.11,47.47],[-88.32,47.42],[-88.39,47.39],[-88.56,47.27],[-88.61,47.22],[-88.62,47.17],[-88.57,47.14],[-88.43,47.12],[-88.43,47.14],[-88.45,47.15],[-88.42,47.19],[-88.41,47.17],[-88.41,47.13],[-88.44,47.1],[-88.47,47.08],[-88.47,47.05],[-88.44,47.01],[-88.4,47.02],[-88.36,47.07],[-88.24,47.16],[-88.24,47.18],[-88.22,47.21],[-88.02,47.32],[-87.97,47.35],[-87.98,47.37],[-88.03,47.39],[-88.02,47.39],[-87.79,47.41]],[[-87.69,48.75],[-87.62,48.76],[-87.63,48.78],[-87.67,48.82],[-87.7,48.84],[-87.73,48.84],[-87.75,48.84],[-87.75,48.82],[-87.73,48.79],[-87.73,48.78],[-87.74,48.76],[-87.73,48.76],[-87.69,48.75]],[[-85.61,47.74],[-85.6,47.76],[-85.64,47.78],[-85.77,47.81],[-85.83,47.8],[-85.88,47.79],[-85.93,47.77],[-85.95,47.75],[-85.94,47.73],[-85.86,47.72],[-85.67,47.73],[-85.61,47.74]]]}},{"type":"Feature","properties":{"name":"Lake Huron"},"geometry":{"type":"Polygon","coordinates":[[[-84.34,46.53],[-84.24,46.56],[-84.17,46.56],[-84.12,46.54],[-84.09,46.51],[-84.08,46.47],[-84.11,46.43],[-84.11,46.39],[-84.09,46.36],[-84.03,46.34],[-83.93,46.34],[-83.88,46.33],[-83.86,46.31],[-83.84,46.3],[-83.66,46.29],[-83.59,46.28],[-83.57,46.26],[-83.46,46.24],[-83.03,46.18],[-82.89,46.19],[-82.72,46.21],[-82.66,46.18],[-82.64,46.17],[-82.6,46.18],[-82.35,46.19],[-82.32,46.16],[-82.2,46.13],[-82.12,46.13],[-82.01,46.13],[-81.82,46.12],[-81.77,46.1],[-81.77,46.07],[-81.77,46.06],[-81.75,46.06],[-81.73,46.07],[-81.69,46.08],[-81.66,46.09],[-81.65,46.12],[-81.61,46.12],[-81.55,46.09],[-81.54,46.08],[-81.64,46.04],[-81.63,46.02],[-81.62,46.02],[-81.6,46.01],[-81.59,46.0],[-81.63,45.98],[-81.6,45.97],[-81.5,45.99],[-81.45,45.99],[-81.3,45.97],[-81.24,45.97],[-81.2,45.99],[-81.19,46.01],[-81.17,46.02],[-81.16,46.01],[-81.16,45.99],[-81.16,45.95],[-81.1,45.94],[-80.97,45.95],[-80.89,45.95],[-80.82,45.95],[-80.81,45.94],[-80.79,45.92],[-80.73,45.88],[-80.71,45.86],[-80.7,45.82],[-80.66,45.79],[-80.64,45.77],[-80.64,45.75],[-80.63,45.73],[-80.59,45.68],[-80.55,45.65],[-80.52,45.62],[-80.51,45.59],[-80.49,45.58],[-80.44,45.58],[-80.43,45.6],[-80.43,45.62],[-80.41,45.62],[-80.39,45.57],[-80.39,45.5],[-80.39,45.46],[-80.35,45.4],[-80.3,45.38],[-80.27,45.36],[-80.18,45.34],[-80.17,45.35],[-80.19,45.39],[-80.18,45.4],[-80.14,45.4],[-80.09,45.39],[-80.06,45.38],[-80.04,45.34],[-80.05,45.3],[-80.11,45.26],[-80.12,45.22],[-80.11,45.2],[-80.09,45.2],[-80.08,45.21],[-80.05,45.2],[-80.02,45.18],[-80.01,45.15],[-80.02,45.14],[-80.08,45.13],[-80.09,45.11],[-80.02,45.07],[-79.97,45.02],[-79.95,45.02],[-79.93,45.0],[-79.93,44.97],[-79.9,44.96],[-79.83,44.94],[-79.8,44.88],[-79.78,44.85],[-79.77,44.82],[-79.75,44.81],[-79.73,44.83],[-79.73,44.86],[-79.7,44.88],[-79.69,44.86],[-79.71,44.82],[-79.71,44.79],[-79.68,44.77],[-79.72,44.76],[-79.83,44.77],[-79.88,44.8],[-79.89,44.81],[-79.92,44.81],[-79.94,44.82],[-79.92,44.85],[-79.93,44.86],[-80.0,44.86],[-80.06,44.83],[-80.11,44.81],[-80.11,44.77],[-80.08,44.74],[-80.02,44.71],[-80.0,44.65],[-80.01,44.57],[-80.04,44.52],[-80.08,44.49],[-80.23,44.51],[-80.46,44.58],[-80.59,44.64],[-80.65,44.72],[-80.67,44.73],[-80.79,44.7],[-80.85,44.67],[-80.91,44.62],[-80.92,44.63],[-80.9,44.71],[-80.89,44.76],[-80.89,44.78],[-80.92,44.8],[-80.96,44.81],[-81.02,44.8],[-81.11,44.77],[-81.13,44.77],[-81.13,44.78],[-81.04,44.84],[-81.01,44.88],[-81.01,44.91],[-80.99,44.93],[-80.97,44.96],[-80.97,44.97],[-81.01,44.97],[-81.03,44.96],[-81.07,44.91],[-81.13,44.92],[-81.14,44.93],[-81.12,44.95],[-81.14,44.97],[-81.18,44.97],[-81.19,45.0],[-81.21,45.01],[-81.26,45.03],[-81.26,45.08],[-81.28,45.12],[-81.31,45.16],[-81.32,45.19],[-81.28,45.24],[-81.3,45.25],[-81.4,45.26],[-81.59,45.26],[-81.7,45.25],[-81.71,45.22],[-81.68,45.2],[-81.63,45.19],[-81.59,45.17],[-81.58,45.15],[-81.54,45.12],[-81.5,45.08],[-81.45,45.02],[-81.42,44.99],[-81.38,44.98],[-81.36,44.98],[-81.36,44.91],[-81.34,44.87],[-81.3,44.83],[-81.28,44.79],[-81.28,44.72],[-81.28,44.64],[-81.3,44.6],[-81.35,44.54],[-81.39,44.5],[-81.4,44.46],[-81.43,44.44],[-81.47,44.42],[-81.52,44.4],[-81.56,44.36],[-81.59,44.31],[-81.61,44.25],[-81.65,44.19],[-81.71,44.13],[-81.73,44.06],[-81.72,43.98],[-81.72,43.64],[-81.7,43.56],[-81.71,43.47],[-81.74,43.39],[-81.78,43.33],[-81.85,43.28],[-81.91,43.25],[-81.97,43.22],[-82.03,43.19],[-82.09,43.13],[-82.18,43.09],[-82.31,43.04],[-82.42,43.02],[-82.43,43.04],[-82.46,43.08],[-82.52,43.28],[-82.6,43.63],[-82.66,43.85],[-82.72,43.94],[-82.79,44.0],[-82.88,44.05],[-82.95,44.07],[-83.0,44.06],[-83.07,44.02],[-83.21,43.99],[-83.27,43.97],[-83.3,43.95],[-83.34,43.93],[-83.38,43.92],[-83.39,43.92],[-83.35,43.91],[-83.35,43.88],[-83.45,43.76],[-83.47,43.73],[-83.53,43.72],[-83.57,43.7],[-83.62,43.64],[-83.67,43.62],[-83.73,43.63],[-83.85,43.66],[-83.92,43.7],[-83.94,43.74],[-83.94,43.78],[-83.92,43.83],[-83.92,43.88],[-83.88,43.96],[-83.82,43.99],[-83.74,44.0],[-83.69,44.01],[-83.68,44.03],[-83.66,44.05],[-83.61,44.06],[-83.58,44.11],[-83.55,44.22],[-83.51,44.27],[-83.49,44.28],[-83.46,44.28],[-83.46,44.27],[-83.37,44.33],[-83.33,44.38],[-83.33,44.42],[-83.32,44.56],[-83.31,44.64],[-83.29,44.68],[-83.3,44.78],[-83.33,44.87],[-83.44,44.96],[-83.45,44.99],[-83.45,45.02],[-83.43,45.06],[-83.38,45.07],[-83.29,45.04],[-83.28,45.05],[-83.3,45.06],[-83.32,45.09],[-83.32,45.14],[-83.33,45.16],[-83.35,45.17],[-83.4,45.22],[-83.4,45.25],[-83.4,45.27],[-83.42,45.3],[-83.48,45.34],[-83.59,45.38],[-83.87,45.46],[-83.92,45.49],[-83.99,45.5],[-84.07,45.51],[-84.13,45.53],[-84.15,45.57],[-84.19,45.61],[-84.24,45.64],[-84.33,45.67],[-84.44,45.68],[-84.56,45.71],[-84.69,45.77],[-84.76,45.79],[-84.76,45.86],[-84.73,45.86],[-84.71,45.87],[-84.71,45.88],[-84.72,45.9],[-84.72,45.94],[-84.72,45.96],[-84.67,46.03],[-84.63,46.05],[-84.58,46.05],[-84.55,46.03],[-84.54,46.0],[-84.52,45.99],[-84.49,45.99],[-84.47,45.99],[-84.46,45.99],[-84.45,46.01],[-84.34,46.0],[-83.98,45.96],[-83.93,45.97],[-83.9,45.98],[-83.89,46.0],[-83.92,46.02],[-84.01,46.06],[-84.04,46.09],[-84.05,46.11],[-84.03,46.14],[-84.06,46.16],[-84.11,46.18],[-84.23,46.18],[-84.25,46.2],[-84.24,46.22],[-84.2,46.25],[-84.2,46.28],[-84.21,46.3],[-84.23,46.37],[-84.25,46.41],[-84.31,46.47],[-84.33,46.49],[-84.36,46.51],[-84.34,46.53]],[[-83.34,45.99],[-83.39,45.99],[-83.44,45.96],[-83.47,45.94],[-83.48,45.91],[-83.45,45.88],[-83.39,45.87],[-83.33,45.88],[-83.27,45.95],[-83.27,45.96],[-83.3,45.98],[-83.34,45.99]],[[-83.53,46.02],[-83.58,46.08],[-83.61,46.1],[-83.68,46.11],[-83.7,46.1],[-83.68,46.07],[-83.68,46.06],[-83.72,46.04],[-83.78,46.01],[-83.82,46.01],[-83.85,46.02],[-83.87,46.02],[-83.88,45.99],[-83.87,45.98],[-83.82,45.96],[-83.73,45.94],[-83.59,45.94],[-83.52,45.96],[-83.49,45.99],[-83.5,46.01],[-83.53,46.02]],[[-83.83,46.15],[-83.81,46.17],[-83.8,46.21],[-83.82,46.25],[-83.89,46.28],[-83.97,46.3],[-84.06,46.31],[-84.1,46.29],[-84.08,46.24],[-84.04,46.18],[-83.98,46.11],[-83.93,46.09],[-83.91,46.1],[-83.89,46.12],[-83.88,46.15],[-83.86,46.16],[-83.83,46.15]],[[-84.17,46.32],[-84.19,46.32],[-84.2,46.3],[-84.19,46.28],[-84.14,46.24],[-84.12,46.25],[-84.12,46.26],[-84.12,46.28],[-84.14,46.31],[-84.17,46.32]],[[-84.13,46.34],[-84.13,46.36],[-84.16,46.41],[-84.17,46.46],[-84.14,46.5],[-84.14,46.53],[-84.18,46.54],[-84.22,46.54],[-84.27,46.49],[-84.23,46.45],[-84.21,46.38],[-84.19,46.36],[-84.16,46.35],[-84.13,46.34]],[[-84.43,45.81],[-84.56,45.82],[-84.56,45.8],[-84.49,45.75],[-84.44,45.73],[-84.41,45.74],[-84.39,45.75],[-84.38,45.77],[-84.38,45.79],[-84.42,45.81],[-84.43,45.81]],[[-82.96,45.83],[-82.94,45.81],[-82.74,45.8],[-82.63,45.77],[-82.51,45.73],[-82.41,45.7],[-82.32,45.68],[-82.26,45.66],[-82.21,45.63],[-82.09,45.59],[-82.08,45.57],[-82.06,45.56],[-82.03,45.57],[-81.82,45.69],[-81.76,45.7],[-81.76,45.69],[-81.86,45.61],[-81.9,45.6],[-81.92,45.6],[-81.98,45.57],[-81.98,45.56],[-81.95,45.57],[-81.91,45.56],[-81.88,45.53],[-81.83,45.55],[-81.75,45.59],[-81.69,45.66],[-81.59,45.79],[-81.6,45.8],[-81.69,45.8],[-81.7,45.81],[-81.67,45.84],[-81.67,45.87],[-81.67,45.9],[-81.7,45.89],[-81.73,45.86],[-81.76,45.82],[-81.8,45.74],[-81.84,45.79],[-81.84,45.82],[-81.83,45.86],[-81.84,45.88],[-81.88,45.89],[-81.9,45.91],[-81.89,45.94],[-81.91,45.96],[-81.94,45.98],[-81.99,45.98],[-82.06,45.95],[-82.11,45.92],[-82.14,45.87],[-82.17,45.87],[-82.2,45.92],[-82.24,45.95],[-82.27,45.94],[-82.29,45.95],[-82.3,45.97],[-82.33,45.98],[-82.4,45.97],[-82.44,45.95],[-82.46,45.93],[-82.48,45.93],[-82.5,45.94],[-82.53,45.94],[-82.57,45.91],[-82.58,45.9],[-82.56,45.87],[-82.56,45.86],[-82.52,45.85],[-82.52,45.83],[-82.53,45.81],[-82.55,45.81],[-82.58,45.84],[-82.61,45.85],[-82.63,45.84],[-82.64,45.84],[-82.66,45.86],[-82.69,45.86],[-82.74,45.85],[-82.77,45.86],[-82.77,45.88],[-82.79,45.9],[-82.82,45.91],[-82.83,45.94],[-82.82,45.98],[-82.84,45.99],[-82.91,45.98],[-82.94,45.96],[-82.97,45.95],[-83.0,45.94],[-83.03,45.96],[-83.07,45.95],[-83.1,45.94],[-83.12,45.94],[-83.15,45.96],[-83.18,45.97],[-83.2,45.95],[-83.22,45.93],[-83.22,45.9],[-83.16,45.88],[-82.96,45.83]],[[-81.71,45.53],[-81.73,45.53],[-81.83,45.5],[-81.84,45.48],[-81.83,45.47],[-81.81,45.46],[-81.79,45.47],[-81.73,45.5],[-81.71,45.53]],[[-80.17,44.8],[-80.17,44.81],[-80.16,44.85],[-80.17,44.87],[-80.22,44.87],[-80.24,44.87],[-80.23,44.84],[-80.22,44.82],[-80.17,44.8]]]}},{"type":"Feature","properties":{"name":"Lago Madre"},"geometry":{"type":"Polygon","coordinates":[[[-97.43,25.35],[-97.46,25.27],[-97.54,25.08],[-97.61,24.78],[-97.69,24.48],[-97.72,24.25],[-97.76,23.91],[-97.77,23.92],[-97.78,24.08],[-97.76,24.16],[-97.75,24.26],[-97.74,24.39],[-97.77,24.44],[-97.81,24.44],[-97.83,24.48],[-97.83,24.52],[-97.82,24.54],[-97.8,24.55],[-97.74,24.5],[-97.72,24.5],[-97.69,24.66],[-97.7,24.71],[-97.7,24.84],[-97.64,24.91],[-97.66,24.94],[-97.71,24.97],[-97.73,24.99],[-97.7,25.16],[-97.7,25.2],[-97.71,25.23],[-97.75,25.26],[-97.72,25.29],[-97.68,25.35],[-97.65,25.36],[-97.64,25.36],[-97.61,25.33],[-97.58,25.31],[-97.54,25.31],[-97.53,25.33],[-97.52,25.43],[-97.51,25.45],[-97.47,25.44],[-97.44,25.41],[-97.43,25.35]]]}},{"type":"Feature","properties":{"name":"Wollaston Lake"},"geometry":{"type":"Polygon","coordinates":[[[-102.84,58.33],[-102.86,58.32],[-102.91,58.32],[-102.95,58.31],[-102.98,58.27],[-103.0,58.24],[-102.98,58.22],[-102.94,58.2],[-102.94,58.17],[-103.06,58.12],[-103.1,58.13],[-103.23,58.08],[-103.26,58.05],[-103.28,57.98],[-103.28,57.9],[-103.27,57.87],[-103.25,57.85],[-103.22,57.84],[-103.21,57.83],[-103.27,57.74],[-103.33,57.7],[-103.36,57.7],[-103.35,57.73],[-103.31,57.78],[-103.31,57.83],[-103.36,57.86],[-103.4,57.87],[-103.47,57.88],[-103.56,57.87],[-103.73,57.8],[-103.79,57.78],[-103.83,57.78],[-103.83,57.79],[-103.8,57.82],[-103.66,57.92],[-103.67,57.94],[-103.78,57.93],[-103.8,57.95],[-103.79,57.96],[-103.7,58.02],[-103.67,58.04],[-103.67,58.05],[-103.68,58.08],[-103.71,58.1],[-103.71,58.13],[-103.65,58.17],[-103.62,58.23],[-103.61,58.27],[-103.62,58.28],[-103.66,58.28],[-103.63,58.35],[-103.61,58.41],[-103.58,58.43],[-103.55,58.45],[-103.5,58.46],[-103.38,58.43],[-103.24,58.47],[-103.22,58.48],[-103.22,58.52],[-103.2,58.54],[-103.19,58.55],[-103.14,58.53],[-102.95,58.53],[-102.95,58.5],[-102.92,58.48],[-102.8,58.41],[-102.79,58.38],[-102.84,58.33]]]}},{"type":"Feature","properties":{"name":"Lake Athabasca"},"geometry":{"type":"Polygon","coordinates":[[[-109.23,59.13],[-109.28,59.13],[-109.45,59.08],[-109.89,59.01],[-110.07,58.95],[-110.28,58.86],[-110.34,58.83],[-110.4,58.77],[-110.44,58.72],[-110.44,58.7],[-110.37,58.68],[-110.38,58.64],[-110.41,58.63],[-110.67,58.63],[-110.75,58.61],[-110.78,58.58],[-110.79,58.55],[-110.81,58.51],[-110.84,58.51],[-110.88,58.63],[-110.9,58.63],[-110.94,58.62],[-110.99,58.59],[-111.04,58.52],[-111.08,58.51],[-111.09,58.53],[-111.11,58.55],[-111.11,58.57],[-111.1,58.62],[-111.26,58.7],[-111.3,58.73],[-111.3,58.76],[-111.28,58.79],[-111.19,58.79],[-111.15,58.77],[-111.16,58.74],[-111.12,58.73],[-111.02,58.76],[-110.87,58.84],[-110.61,59.04],[-110.48,59.11],[-110.35,59.16],[-110.03,59.3],[-109.88,59.36],[-109.83,59.39],[-109.78,59.41],[-109.8,59.43],[-109.8,59.45],[-109.7,59.5],[-109.62,59.54],[-109.55,59.57],[-109.4,59.6],[-109.26,59.6],[-109.17,59.59],[-109.04,59.5],[-108.83,59.51],[-108.8,59.5],[-108.86,59.41],[-108.86,59.39],[-108.75,59.39],[-108.54,59.44],[-108.22,59.47],[-107.95,59.43],[-107.56,59.4],[-107.24,59.35],[-106.82,59.33],[-106.61,59.32],[-106.02,59.29],[-106.02,59.27],[-106.04,59.25],[-106.71,59.26],[-107.2,59.28],[-107.45,59.3],[-107.59,59.29],[-107.61,59.3],[-107.63,59.33],[-107.71,59.34],[-107.73,59.34],[-107.76,59.32],[-107.79,59.29],[-107.82,59.23],[-107.84,59.22],[-107.96,59.2],[-108.21,59.16],[-108.75,59.12],[-108.94,59.12],[-109.1,59.1],[-109.16,59.1],[-109.23,59.13]]]}},{"type":"Feature","properties":{"name":"Lake Mistassini"},"geometry":{"type":"Polygon","coordinates":[[[-72.9,51.15],[-72.99,51.1],[-73.11,51.0],[-73.14,50.99],[-73.25,50.91],[-73.37,50.84],[-73.46,50.79],[-73.46,50.81],[-73.39,50.89],[-73.26,50.98],[-73.19,51.07],[-73.17,51.07],[-73.15,51.07],[-73.13,51.09],[-73.13,51.11],[-73.14,51.15],[-73.15,51.16],[-73.17,51.16],[-73.29,51.08],[-73.4,50.99],[-73.57,50.84],[-73.6,50.83],[-73.63,50.82],[-73.77,50.64],[-73.8,50.59],[-73.82,50.5],[-73.81,50.45],[-73.8,50.41],[-73.79,50.39],[-73.81,50.39],[-73.83,50.41],[-73.84,50.41],[-73.84,50.34],[-73.82,50.3],[-73.8,50.24],[-73.82,50.21],[-73.9,50.16],[-74.01,50.12],[-74.03,50.09],[-74.08,50.04],[-74.15,50.04],[-74.22,50.06],[-74.2,50.08],[-74.1,50.09],[-74.01,50.18],[-73.88,50.22],[-73.83,50.25],[-73.84,50.28],[-73.88,50.3],[-73.9,50.33],[-73.9,50.35],[-73.88,50.38],[-73.84,50.64],[-73.89,50.59],[-73.92,50.54],[-73.93,50.51],[-73.92,50.49],[-73.92,50.47],[-73.93,50.46],[-74.0,50.48],[-74.11,50.4],[-74.13,50.4],[-74.1,50.45],[-73.95,50.72],[-73.84,50.89],[-73.86,50.9],[-73.91,50.9],[-73.92,50.91],[-73.89,50.95],[-73.91,50.96],[-73.89,50.98],[-73.64,51.08],[-73.38,51.24],[-73.2,51.32],[-73.07,51.39],[-72.99,51.4],[-72.98,51.38],[-73.07,51.32],[-73.04,51.31],[-72.89,51.35],[-72.81,51.36],[-72.79,51.35],[-72.8,51.34],[-72.85,51.3],[-73.07,51.21],[-73.09,51.18],[-73.07,51.16],[-73.04,51.15],[-72.81,51.24],[-72.72,51.25],[-72.69,51.24],[-72.72,51.22],[-72.9,51.15]]]}},{"type":"Feature","properties":{"name":"IJsselmeer"},"geometry":{"type":"Polygon","coordinates":[[[5.87,52.56],[5.87,52.48],[5.79,52.43],[5.5,52.25],[5.32,52.29],[5.04,52.34],[5.01,52.36],[5.04,52.41],[5.06,52.43],[5.07,52.45],[5.07,52.52],[5.06,52.57],[5.07,52.62],[5.14,52.63],[5.24,52.67],[5.25,52.73],[5.17,52.79],[5.12,52.84],[5.09,52.89],[5.07,52.92],[5.15,52.97],[5.27,53.03],[5.38,53.06],[5.4,53.04],[5.41,52.9],[5.42,52.87],[5.46,52.86],[5.55,52.85],[5.66,52.85],[5.67,52.82],[5.62,52.78],[5.62,52.76],[5.61,52.68],[5.62,52.66],[5.65,52.63],[5.83,52.61],[5.87,52.56]],[[5.8,52.47],[5.83,52.5],[5.83,52.53],[5.8,52.56],[5.74,52.58],[5.66,52.59],[5.54,52.56],[5.38,52.49],[5.17,52.38],[5.18,52.36],[5.24,52.33],[5.42,52.3],[5.5,52.3],[5.55,52.32],[5.62,52.38],[5.74,52.43],[5.8,52.47]]]}},{"type":"Feature","properties":{"name":"Rybinsk Reservoir"},"geometry":{"type":"Polygon","coordinates":[[[38.68,58.11],[38.61,58.11],[38.38,58.12],[38.36,58.1],[38.44,58.04],[38.44,58.02],[38.41,58.02],[38.37,58.03],[38.31,58.04],[38.28,58.05],[38.26,58.07],[38.25,58.1],[38.25,58.2],[38.22,58.24],[38.15,58.25],[37.94,58.3],[37.9,58.29],[37.51,58.53],[37.42,58.61],[37.32,58.66],[37.16,58.7],[37.16,58.71],[37.17,58.73],[37.15,58.85],[37.31,58.76],[37.37,58.73],[37.42,58.73],[37.41,58.69],[37.41,58.67],[37.46,58.63],[37.54,58.61],[37.56,58.55],[37.61,58.55],[37.66,58.56],[37.67,58.57],[37.62,58.63],[37.63,58.64],[37.72,58.62],[37.77,58.62],[37.99,58.55],[38.07,58.54],[38.07,58.59],[38.1,58.62],[38.1,58.63],[37.99,58.67],[37.98,58.69],[37.95,58.72],[37.94,58.73],[37.96,58.74],[38.02,58.75],[38.0,58.86],[37.92,58.86],[37.87,58.9],[37.83,58.91],[37.78,58.93],[37.71,58.93],[37.64,58.92],[37.58,58.9],[37.5,58.84],[37.47,58.86],[37.47,58.88],[37.48,58.93],[37.5,58.94],[37.61,58.99],[37.67,59.02],[37.7,59.06],[37.68,59.1],[37.64,59.14],[37.65,59.16],[37.84,59.16],[37.94,59.17],[37.99,59.18],[38.0,59.16],[38.01,59.14],[38.03,59.13],[38.12,59.1],[38.16,59.1],[38.18,59.11],[38.18,59.13],[38.18,59.15],[38.12,59.2],[38.14,59.21],[38.18,59.2],[38.29,59.16],[38.41,59.17],[38.41,59.15],[38.33,59.09],[38.24,59.06],[38.17,59.06],[37.91,59.1],[37.87,59.09],[37.86,59.08],[37.92,59.04],[38.05,58.99],[38.12,58.95],[38.43,58.75],[38.61,58.64],[38.75,58.55],[38.99,58.5],[39.0,58.48],[38.97,58.44],[39.0,58.39],[39.01,58.36],[38.87,58.33],[38.83,58.3],[38.81,58.25],[38.82,58.13],[38.8,58.12],[38.78,58.13],[38.69,58.21],[38.64,58.22],[38.62,58.2],[38.7,58.13],[38.7,58.11],[38.68,58.11]]]}},{"type":"Feature","properties":{"name":"Issyk-Kul"},"geometry":{"type":"Polygon","coordinates":[[[78.3,42.59],[78.29,42.56],[78.16,42.55],[78.01,42.49],[77.87,42.43],[77.85,42.4],[77.85,42.37],[77.72,42.24],[77.59,42.2],[77.52,42.18],[77.14,42.17],[77.02,42.17],[76.92,42.19],[76.58,42.29],[76.43,42.32],[76.33,42.33],[76.26,42.33],[76.23,42.39],[76.22,42.44],[76.23,42.46],[76.45,42.49],[76.75,42.56],[76.97,42.61],[77.19,42.65],[77.34,42.67],[77.53,42.65],[77.68,42.7],[78.06,42.73],[78.25,42.73],[78.15,42.67],[78.12,42.64],[78.14,42.61],[78.3,42.59]]]}},{"type":"Feature","properties":{"name":"Lake of the Woods"},"geometry":{"type":"Polygon","coordinates":[[[-94.05,49.37],[-94.04,49.36],[-94.05,49.27],[-94.06,49.24],[-94.09,49.22],[-94.12,49.21],[-94.13,49.21],[-94.11,49.23],[-94.11,49.26],[-94.18,49.33],[-94.22,49.39],[-94.28,49.41],[-94.25,49.46],[-94.25,49.47],[-94.36,49.48],[-94.47,49.47],[-94.65,49.45],[-94.75,49.41],[-94.77,49.39],[-94.79,49.35],[-94.78,49.34],[-94.64,49.35],[-94.61,49.34],[-94.58,49.3],[-94.52,49.27],[-94.46,49.23],[-94.35,49.27],[-94.3,49.25],[-94.27,49.23],[-94.27,49.19],[-94.24,49.18],[-94.1,49.17],[-94.07,49.16],[-94.12,49.13],[-94.2,49.1],[-94.27,49.11],[-94.31,49.1],[-94.32,49.07],[-94.54,48.95],[-94.71,48.86],[-94.82,48.87],[-94.92,48.93],[-95.0,48.96],[-95.04,48.96],[-95.18,48.9],[-95.27,48.89],[-95.31,48.93],[-95.31,48.97],[-95.27,49.03],[-95.27,49.06],[-95.28,49.1],[-95.26,49.14],[-95.2,49.17],[-95.08,49.18],[-94.98,49.2],[-94.94,49.24],[-94.94,49.32],[-95.01,49.34],[-95.01,49.37],[-94.94,49.4],[-94.91,49.44],[-94.82,49.51],[-94.69,49.56],[-94.64,49.6],[-94.65,49.62],[-94.69,49.63],[-94.75,49.62],[-94.8,49.6],[-94.91,49.53],[-94.98,49.5],[-95.11,49.46],[-95.14,49.47],[-95.12,49.54],[-95.15,49.62],[-95.1,49.64],[-95.01,49.63],[-94.96,49.62],[-94.97,49.58],[-94.96,49.58],[-94.93,49.58],[-94.89,49.59],[-94.84,49.61],[-94.87,49.66],[-94.82,49.69],[-94.59,49.72],[-94.56,49.76],[-94.58,49.81],[-94.68,49.95],[-94.66,49.97],[-94.61,49.99],[-94.59,49.99],[-94.54,49.93],[-94.53,49.85],[-94.5,49.8],[-94.45,49.74],[-94.35,49.72],[-94.31,49.69],[-94.33,49.64],[-94.31,49.6],[-94.36,49.58],[-94.37,49.56],[-94.3,49.52],[-94.17,49.5],[-94.13,49.45],[-94.14,49.43],[-94.05,49.37]],[[-94.7,49.19],[-94.79,49.19],[-94.78,49.17],[-94.73,49.09],[-94.66,49.09],[-94.63,49.06],[-94.59,49.04],[-94.53,49.04],[-94.51,49.12],[-94.45,49.18],[-94.45,49.2],[-94.52,49.22],[-94.62,49.19],[-94.7,49.19]]]}},{"type":"Feature","properties":{"name":"Lake Nipigon"},"geometry":{"type":"Polygon","coordinates":[[[-88.03,49.96],[-88.11,49.93],[-88.14,49.91],[-88.14,49.9],[-88.11,49.87],[-88.13,49.78],[-88.11,49.71],[-88.13,49.63],[-88.17,49.58],[-88.16,49.51],[-88.18,49.47],[-88.31,49.46],[-88.37,49.43],[-88.41,49.39],[-88.44,49.39],[-88.47,49.44],[-88.49,49.46],[-88.51,49.51],[-88.54,49.55],[-88.55,49.54],[-88.55,49.49],[-88.56,49.46],[-88.62,49.43],[-88.67,49.43],[-88.71,49.44],[-88.77,49.46],[-88.79,49.49],[-88.76,49.53],[-88.71,49.59],[-88.61,49.61],[-88.59,49.61],[-88.59,49.63],[-88.61,49.65],[-88.69,49.63],[-88.74,49.63],[-88.79,49.57],[-88.82,49.54],[-88.87,49.52],[-88.91,49.51],[-88.96,49.5],[-89.0,49.53],[-89.02,49.57],[-89.02,49.58],[-88.96,49.56],[-88.92,49.56],[-88.91,49.58],[-88.91,49.62],[-88.93,49.69],[-88.93,49.76],[-88.96,49.76],[-89.01,49.71],[-89.05,49.73],[-89.09,49.78],[-89.09,49.8],[-89.07,49.82],[-89.0,49.79],[-88.95,49.81],[-88.94,49.82],[-88.95,49.85],[-88.94,49.88],[-88.89,49.93],[-88.91,50.02],[-88.89,50.06],[-88.77,50.21],[-88.7,50.25],[-88.64,50.28],[-88.55,50.24],[-88.47,50.24],[-88.36,50.16],[-88.31,50.15],[-88.29,50.15],[-88.28,50.16],[-88.29,50.18],[-88.34,50.23],[-88.42,50.27],[-88.42,50.29],[-88.38,50.29],[-88.34,50.27],[-88.23,50.21],[-88.2,50.19],[-88.17,50.13],[-88.17,50.11],[-88.2,50.11],[-88.22,50.1],[-88.22,50.06],[-88.22,50.03],[-88.23,49.99],[-88.21,49.99],[-88.17,50.03],[-88.13,50.03],[-88.08,50.0],[-88.03,49.98],[-88.03,49.96]],[[-88.55,50.02],[-88.55,50.04],[-88.59,50.05],[-88.62,50.05],[-88.63,50.04],[-88.63,50.02],[-88.64,49.98],[-88.65,49.95],[-88.69,49.93],[-88.72,49.9],[-88.75,49.88],[-88.75,49.87],[-88.72,49.85],[-88.68,49.85],[-88.62,49.82],[-88.59,49.8],[-88.58,49.82],[-88.59,49.84],[-88.61,49.86],[-88.64,49.9],[-88.64,49.92],[-88.62,49.95],[-88.59,49.98],[-88.57,50.0],[-88.55,50.02]],[[-88.39,49.65],[-88.37,49.69],[-88.39,49.7],[-88.42,49.69],[-88.49,49.66],[-88.49,49.61],[-88.4,49.62],[-88.39,49.65]]]}},{"type":"Feature","properties":{"name":"Reindeer Lake"},"geometry":{"type":"Polygon","coordinates":[[[-101.72,57.91],[-101.68,57.92],[-101.54,57.92],[-101.53,57.88],[-101.54,57.82],[-101.63,57.76],[-101.73,57.65],[-101.83,57.58],[-101.96,57.52],[-102.05,57.48],[-102.11,57.43],[-102.09,57.37],[-101.89,57.3],[-101.84,57.27],[-101.86,57.25],[-101.96,57.24],[-102.03,57.19],[-102.05,57.11],[-102.0,57.05],[-101.96,57.02],[-102.04,56.97],[-102.13,56.91],[-102.18,56.86],[-102.31,56.84],[-102.34,56.81],[-102.36,56.77],[-102.4,56.7],[-102.44,56.66],[-102.44,56.63],[-102.47,56.61],[-102.54,56.59],[-102.6,56.56],[-102.89,56.47],[-102.93,56.44],[-102.94,56.4],[-102.98,56.37],[-103.04,56.38],[-103.09,56.42],[-103.14,56.41],[-103.2,56.36],[-103.23,56.31],[-103.24,56.28],[-103.27,56.28],[-103.29,56.3],[-103.27,56.39],[-103.26,56.44],[-103.26,56.48],[-103.3,56.5],[-103.29,56.54],[-103.24,56.57],[-103.19,56.55],[-103.15,56.62],[-103.13,56.76],[-103.11,56.85],[-103.07,56.85],[-103.08,56.68],[-103.05,56.57],[-102.98,56.56],[-102.86,56.68],[-102.79,56.71],[-102.73,56.72],[-102.69,56.74],[-102.68,56.77],[-102.62,56.79],[-102.57,56.83],[-102.54,56.93],[-102.55,57.0],[-102.58,57.05],[-102.68,57.08],[-102.74,57.1],[-102.72,57.15],[-102.69,57.21],[-102.72,57.24],[-102.79,57.28],[-102.85,57.3],[-102.92,57.3],[-102.93,57.36],[-102.89,57.45],[-102.79,57.5],[-102.69,57.56],[-102.67,57.6],[-102.69,57.64],[-102.69,57.69],[-102.64,57.7],[-102.52,57.73],[-102.44,57.8],[-102.2,57.93],[-102.15,57.99],[-102.15,58.04],[-102.05,58.11],[-101.99,58.09],[-102.01,58.0],[-101.97,57.96],[-101.91,57.99],[-101.87,58.05],[-101.82,58.06],[-101.8,58.02],[-101.85,57.9],[-101.85,57.87],[-101.81,57.84],[-101.73,57.87],[-101.72,57.91]]]}},{"type":"Feature","properties":{"name":"Iliamna Lake"},"geometry":{"type":"Polygon","coordinates":[[[-153.97,59.77],[-154.11,59.72],[-154.23,59.69],[-154.37,59.66],[-154.53,59.63],[-154.56,59.59],[-154.56,59.55],[-154.58,59.5],[-154.58,59.47],[-154.61,59.45],[-154.69,59.44],[-154.91,59.43],[-155.74,59.34],[-155.88,59.38],[-155.91,59.46],[-155.85,59.54],[-155.26,59.66],[-154.99,59.7],[-154.33,59.79],[-154.19,59.78],[-154.07,59.78],[-153.97,59.77]]]}},{"type":"Feature","properties":{"name":""},"geometry":{"type":"Polygon","coordinates":[[[-155.96,57.87],[-156.02,57.84],[-156.02,57.81],[-156.0,57.79],[-155.99,57.76],[-156.04,57.7],[-156.13,57.64],[-156.16,57.63],[-156.13,57.69],[-156.12,57.75],[-156.16,57.8],[-156.36,57.84],[-156.6,57.88],[-156.68,57.89],[-156.83,57.93],[-156.88,58.0],[-156.82,58.07],[-156.64,58.09],[-156.28,58.01],[-155.98,57.91],[-155.96,57.87]]]}},{"type":"Feature","properties":{"name":"Lake Zaysan"},"geometry":{"type":"Polygon","coordinates":[[[84.52,47.93],[84.43,47.86],[84.39,47.82],[84.36,47.73],[84.3,47.7],[84.24,47.71],[83.99,47.84],[83.77,47.95],[83.62,48.01],[83.44,48.05],[83.26,48.09],[83.08,48.18],[83.03,48.21],[83.04,48.25],[83.18,48.25],[83.28,48.26],[83.44,48.27],[83.5,48.3],[83.53,48.38],[83.46,48.43],[83.39,48.5],[83.39,48.55],[83.42,48.6],[83.42,48.74],[83.47,48.86],[83.59,48.96],[83.75,49.04],[83.87,49.06],[84.04,49.11],[84.12,49.16],[84.1,49.24],[83.97,49.33],[83.85,49.42],[83.72,49.44],[83.66,49.44],[83.61,49.49],[83.54,49.53],[83.48,49.54],[83.43,49.57],[83.36,49.63],[83.36,49.64],[83.39,49.65],[83.61,49.61],[83.74,49.63],[83.89,49.72],[83.96,49.73],[83.96,49.7],[83.82,49.63],[83.8,49.6],[83.76,49.56],[83.73,49.53],[83.82,49.48],[84.29,49.24],[84.36,49.16],[84.33,49.12],[84.15,49.09],[83.86,48.99],[83.78,48.98],[83.61,48.91],[83.51,48.81],[83.49,48.72],[83.52,48.62],[83.61,48.44],[83.77,48.41],[83.92,48.4],[83.91,48.37],[83.68,48.35],[83.6,48.3],[83.58,48.27],[83.63,48.24],[83.74,48.2],[83.88,48.15],[84.05,48.08],[84.17,48.06],[84.33,48.02],[84.47,47.97],[84.52,47.93]]]}},{"type":"Feature","properties":{"name":"Nettilling Lake"},"geometry":{"type":"Polygon","coordinates":[[[-71.44,66.6],[-71.42,66.63],[-71.37,66.66],[-71.33,66.73],[-71.21,66.86],[-71.19,66.94],[-71.23,67.0],[-71.17,67.03],[-71.0,67.02],[-70.83,66.99],[-70.79,66.97],[-70.74,66.92],[-70.63,66.87],[-70.61,66.83],[-70.57,66.79],[-70.46,66.75],[-70.35,66.74],[-70.29,66.75],[-70.21,66.73],[-69.94,66.69],[-69.74,66.63],[-69.62,66.6],[-69.49,66.58],[-69.47,66.55],[-69.53,66.5],[-69.65,66.48],[-69.65,66.44],[-69.55,66.43],[-69.42,66.43],[-69.4,66.43],[-69.35,66.45],[-69.25,66.45],[-69.22,66.41],[-69.34,66.33],[-69.47,66.29],[-69.51,66.27],[-69.53,66.24],[-69.56,66.21],[-69.58,66.2],[-69.64,66.22],[-69.65,66.25],[-69.68,66.24],[-69.73,66.22],[-69.74,66.2],[-69.77,66.2],[-69.89,66.25],[-69.97,66.26],[-70.19,66.22],[-70.38,66.19],[-70.52,66.27],[-70.58,66.29],[-70.62,66.28],[-70.66,66.25],[-70.68,66.23],[-70.71,66.2],[-70.85,66.16],[-71.1,65.99],[-71.23,65.95],[-71.31,65.97],[-71.32,65.99],[-71.22,66.02],[-71.18,66.08],[-71.19,66.15],[-71.14,66.22],[-71.15,66.26],[-71.15,66.29],[-71.13,66.33],[-71.16,66.37],[-71.23,66.42],[-71.31,66.52],[-71.44,66.6]]]}},{"type":"Feature","properties":{"name":"Lake Turkana"},"geometry":{"type":"Polygon","coordinates":[[[36.69,2.54],[36.63,2.42],[36.57,2.4],[36.53,2.45],[36.42,2.73],[36.33,2.87],[36.24,2.97],[36.2,2.97],[36.15,3.04],[36.11,3.17],[36.04,3.26],[35.97,3.37],[35.94,3.48],[35.91,3.52],[35.87,3.6],[35.85,3.77],[35.86,3.88],[35.89,4.04],[35.92,4.27],[35.93,4.38],[35.95,4.55],[35.99,4.57],[36.05,4.54],[36.07,4.55],[36.1,4.62],[36.13,4.65],[36.16,4.65],[36.17,4.63],[36.2,4.43],[36.22,4.15],[36.21,4.05],[36.23,3.88],[36.22,3.47],[36.31,3.21],[36.43,3.01],[36.54,2.92],[36.65,2.86],[36.7,2.73],[36.69,2.54]]]}},{"type":"Feature","properties":{"name":"Dubawnt Lake"},"geometry":{"type":"Polygon","coordinates":[[[-101.94,63.22],[-101.81,63.27],[-101.75,63.34],[-101.69,63.37],[-101.64,63.38],[-101.61,63.38],[-101.58,63.4],[-101.58,63.43],[-101.55,63.46],[-101.46,63.44],[-101.4,63.42],[-101.36,63.4],[-101.32,63.39],[-101.29,63.41],[-101.33,63.47],[-101.28,63.49],[-101.14,63.43],[-101.08,63.44],[-101.06,63.46],[-101.01,63.46],[-100.9,63.53],[-100.86,63.52],[-100.8,63.54],[-100.71,63.55],[-100.64,63.47],[-100.67,63.37],[-100.77,63.32],[-100.82,63.3],[-100.86,63.29],[-100.92,63.3],[-100.98,63.3],[-101.04,63.29],[-101.06,63.27],[-101.06,63.24],[-101.11,63.17],[-101.1,63.1],[-101.06,63.06],[-101.01,63.05],[-100.88,63.01],[-100.88,62.96],[-100.98,62.91],[-101.03,62.9],[-101.06,62.86],[-101.02,62.8],[-101.03,62.76],[-101.14,62.71],[-101.29,62.67],[-101.38,62.68],[-101.39,62.72],[-101.35,62.77],[-101.32,62.83],[-101.33,62.89],[-101.38,62.93],[-101.41,62.91],[-101.43,62.84],[-101.47,62.79],[-101.5,62.74],[-101.51,62.67],[-101.53,62.66],[-101.55,62.68],[-101.55,62.72],[-101.59,62.78],[-101.67,62.8],[-101.75,62.8],[-101.82,62.88],[-101.92,62.88],[-101.99,62.89],[-102.03,62.92],[-102.05,63.0],[-102.09,63.07],[-102.1,63.08],[-102.13,63.09],[-102.17,63.12],[-102.16,63.16],[-102.08,63.19],[-101.94,63.22]]]}},{"type":"Feature","properties":{"name":"Baker Lake"},"geometry":{"type":"Polygon","coordinates":[[[-94.63,64.16],[-94.56,64.15],[-94.46,64.14],[-94.35,64.14],[-94.25,64.12],[-94.22,64.08],[-94.31,64.01],[-94.45,64.0],[-94.62,64.03],[-94.86,64.07],[-95.3,64.08],[-95.5,64.06],[-95.67,64.06],[-95.78,64.06],[-95.84,64.08],[-95.95,64.13],[-96.23,64.19],[-96.27,64.3],[-96.2,64.33],[-95.74,64.3],[-95.25,64.27],[-95.04,64.24],[-94.92,64.22],[-94.79,64.22],[-94.65,64.2],[-94.63,64.16]]]}},{"type":"Feature","properties":{"name":"Lake Champlain"},"geometry":{"type":"Polygon","coordinates":[[[-73.37,44.15],[-73.41,44.05],[-73.37,43.88],[-73.36,43.78],[-73.37,43.76],[-73.39,43.81],[-73.4,43.87],[-73.43,44.01],[-73.45,44.03],[-73.45,44.08],[-73.44,44.19],[-73.35,44.28],[-73.38,44.39],[-73.4,44.43],[-73.44,44.64],[-73.4,44.77],[-73.38,44.94],[-73.35,45.02],[-73.32,45.03],[-73.31,44.96],[-73.3,44.91],[-73.28,44.91],[-73.25,44.94],[-73.2,45.02],[-73.15,45.07],[-73.1,45.08],[-73.09,45.05],[-73.11,45.01],[-73.16,44.98],[-73.19,44.96],[-73.17,44.92],[-73.18,44.87],[-73.19,44.71],[-73.21,44.59],[-73.23,44.56],[-73.26,44.54],[-73.26,44.51],[-73.23,44.49],[-73.23,44.45],[-73.24,44.43],[-73.25,44.44],[-73.27,44.4],[-73.29,44.32],[-73.33,44.23],[-73.37,44.15]]]}},{"type":"Feature","properties":{"name":"Lac la Martre"},"geometry":{"type":"Polygon","coordinates":[[[-117.32,63.21],[-117.31,63.19],[-117.36,63.15],[-117.55,63.11],[-117.74,63.11],[-117.78,63.13],[-118.11,63.22],[-118.14,63.25],[-118.16,63.26],[-118.2,63.28],[-118.31,63.29],[-118.47,63.31],[-118.63,63.34],[-118.63,63.38],[-118.56,63.43],[-118.34,63.51],[-118.1,63.57],[-118.0,63.54],[-117.92,63.47],[-117.76,63.4],[-117.63,63.38],[-117.58,63.37],[-117.57,63.36],[-117.47,63.3],[-117.44,63.3],[-117.34,63.22],[-117.32,63.21]]]}},{"type":"Feature","properties":{"name":"Hongze Hu"},"geometry":{"type":"Polygon","coordinates":[[[118.61,33.17],[118.57,33.14],[118.52,33.04],[118.49,33.0],[118.43,32.97],[118.27,32.92],[118.23,32.9],[118.18,32.88],[118.17,32.91],[118.19,32.94],[118.18,32.97],[118.14,32.99],[118.09,32.96],[118.07,32.94],[118.05,32.96],[118.08,33.01],[118.13,33.03],[118.23,32.99],[118.24,33.01],[118.23,33.05],[118.18,33.14],[118.1,33.14],[117.98,33.14],[117.92,33.13],[117.89,33.06],[117.84,33.04],[117.81,33.05],[117.85,33.06],[117.87,33.09],[117.89,33.16],[117.91,33.18],[117.99,33.19],[118.11,33.22],[118.17,33.21],[118.23,33.14],[118.28,33.05],[118.34,32.99],[118.41,33.01],[118.42,33.04],[118.44,33.07],[118.46,33.1],[118.47,33.13],[118.45,33.16],[118.32,33.18],[118.25,33.22],[118.23,33.29],[118.27,33.27],[118.32,33.27],[118.39,33.34],[118.45,33.41],[118.49,33.4],[118.57,33.37],[118.61,33.38],[118.55,33.44],[118.49,33.54],[118.49,33.62],[118.54,33.65],[118.57,33.62],[118.61,33.52],[118.66,33.46],[118.77,33.44],[118.86,33.36],[118.86,33.34],[118.83,33.3],[118.78,33.18],[118.72,33.09],[118.68,33.08],[118.68,33.12],[118.65,33.17],[118.61,33.17]]]}},{"type":"Feature","properties":{"name":"Khövsgöl Nuur"},"geometry":{"type":"Polygon","coordinates":[[[100.79,51.4],[100.77,51.29],[100.75,51.22],[100.73,51.14],[100.69,51.02],[100.69,50.98],[100.51,50.81],[100.47,50.74],[100.44,50.66],[100.47,50.62],[100.47,50.6],[100.44,50.57],[100.37,50.54],[100.19,50.49],[100.18,50.53],[100.19,50.59],[100.23,50.65],[100.25,50.74],[100.3,51.11],[100.28,51.25],[100.36,51.35],[100.4,51.39],[100.39,51.44],[100.38,51.47],[100.49,51.56],[100.53,51.6],[100.56,51.61],[100.75,51.45],[100.79,51.4]]]}},{"type":"Feature","properties":{"name":"Uvs Nuur"},"geometry":{"type":"Polygon","coordinates":[[[92.32,50.3],[92.23,50.41],[92.35,50.48],[92.55,50.54],[92.79,50.62],[92.89,50.66],[92.97,50.64],[92.99,50.61],[92.98,50.54],[93.08,50.43],[93.23,50.36],[93.26,50.36],[93.25,50.33],[93.33,50.31],[93.36,50.28],[93.3,50.26],[93.22,50.25],[93.09,50.2],[93.02,50.15],[92.91,50.06],[92.72,50.01],[92.6,50.01],[92.5,50.05],[92.38,50.14],[92.34,50.23],[92.32,50.3]]]}},{"type":"Feature","properties":{"name":"Lac Moeru"},"geometry":{"type":"Polygon","coordinates":[[[29.13,-8.66],[29.11,-8.74],[29.02,-8.92],[28.89,-9.09],[28.77,-9.27],[28.7,-9.4],[28.59,-9.41],[28.52,-9.4],[28.5,-9.44],[28.51,-9.48],[28.47,-9.51],[28.38,-9.5],[28.33,-9.45],[28.32,-9.36],[28.33,-9.24],[28.37,-9.1],[28.64,-8.77],[28.87,-8.51],[28.95,-8.52],[29.08,-8.6],[29.13,-8.66]]]}},{"type":"Feature","properties":{"name":"Lake Khanka"},"geometry":{"type":"Polygon","coordinates":[[[132.81,45.05],[132.74,44.94],[132.61,44.71],[132.46,44.61],[132.37,44.53],[132.28,44.57],[132.24,44.61],[132.24,44.63],[132.17,44.67],[132.07,44.74],[132.08,44.85],[132.11,44.97],[132.01,45.07],[132.02,45.13],[132.0,45.21],[132.07,45.29],[132.23,45.33],[132.4,45.33],[132.58,45.3],[132.72,45.23],[132.81,45.15],[132.81,45.05]]]}},{"type":"Feature","properties":{"name":"Tonlé Sap"},"geometry":{"type":"Polygon","coordinates":[[[104.57,12.43],[104.53,12.46],[104.46,12.51],[104.4,12.51],[104.26,12.56],[104.14,12.67],[104.11,12.79],[104.01,12.8],[103.89,12.87],[103.81,12.95],[103.75,13.04],[103.72,13.12],[103.7,13.21],[103.73,13.25],[103.84,13.23],[103.98,13.18],[104.1,13.04],[104.2,12.85],[104.23,12.76],[104.27,12.74],[104.37,12.75],[104.44,12.72],[104.47,12.64],[104.47,12.57],[104.47,12.56],[104.5,12.54],[104.56,12.51],[104.56,12.49],[104.56,12.46],[104.59,12.43],[104.57,12.43]]]}},{"type":"Feature","properties":{"name":"Qinghai Hu"},"geometry":{"type":"Polygon","coordinates":[[[100.75,36.81],[100.75,36.78],[100.72,36.74],[100.72,36.67],[100.7,36.59],[100.63,36.56],[100.52,36.58],[100.43,36.64],[100.23,36.65],[99.96,36.68],[99.83,36.74],[99.7,36.85],[99.65,36.91],[99.68,36.95],[99.76,36.95],[99.82,36.95],[99.83,36.99],[99.8,37.07],[99.79,37.15],[99.84,37.18],[99.96,37.22],[100.1,37.2],[100.28,37.15],[100.45,37.02],[100.59,36.9],[100.75,36.81]]]}},{"type":"Feature","properties":{"name":"Dead Sea"},"geometry":{"type":"Polygon","coordinates":[[[35.59,31.72],[35.57,31.57],[35.55,31.36],[35.52,31.33],[35.42,31.32],[35.4,31.35],[35.4,31.49],[35.42,31.62],[35.46,31.71],[35.52,31.76],[35.56,31.77],[35.59,31.72]]]}},{"type":"Feature","properties":{"name":"Lake Urmia"},"geometry":{"type":"Polygon","coordinates":[[[45.67,37.74],[45.75,37.7],[45.75,37.66],[45.76,37.58],[45.86,37.43],[45.83,37.34],[45.7,37.3],[45.66,37.29],[45.61,37.21],[45.54,37.13],[45.45,37.15],[45.37,37.23],[45.29,37.44],[45.26,37.62],[45.25,37.69],[45.23,37.76],[45.09,37.88],[45.08,37.99],[45.16,38.05],[45.19,38.11],[45.17,38.14],[45.09,38.14],[45.02,38.14],[45.03,38.19],[45.11,38.26],[45.36,38.26],[45.46,38.17],[45.49,38.07],[45.45,37.93],[45.44,37.81],[45.48,37.75],[45.55,37.75],[45.67,37.74]]]}},{"type":"Feature","properties":{"name":"Cree Lake"},"geometry":{"type":"Polygon","coordinates":[[[-106.26,57.7],[-106.18,57.68],[-106.11,57.66],[-106.11,57.59],[-106.11,57.56],[-106.09,57.53],[-106.1,57.51],[-106.09,57.47],[-106.14,57.41],[-106.19,57.4],[-106.25,57.37],[-106.37,57.37],[-106.54,57.33],[-106.61,57.34],[-106.7,57.33],[-106.73,57.34],[-106.76,57.36],[-106.8,57.36],[-106.88,57.32],[-106.93,57.29],[-106.97,57.25],[-107.03,57.23],[-107.08,57.22],[-107.09,57.24],[-107.07,57.33],[-107.08,57.36],[-107.06,57.39],[-107.03,57.43],[-107.06,57.46],[-107.07,57.48],[-107.02,57.48],[-106.92,57.46],[-106.83,57.49],[-106.66,57.6],[-106.42,57.65],[-106.32,57.7],[-106.28,57.71],[-106.26,57.7]]]}},{"type":"Feature","properties":{"name":"Kasba Lake"},"geometry":{"type":"Polygon","coordinates":[[[-102.55,60.32],[-102.48,60.31],[-102.38,60.37],[-102.31,60.42],[-102.37,60.44],[-102.44,60.5],[-102.43,60.59],[-102.35,60.63],[-102.26,60.65],[-102.22,60.62],[-102.18,60.56],[-102.16,60.51],[-102.11,60.46],[-102.0,60.38],[-101.89,60.24],[-101.85,60.11],[-101.88,60.04],[-101.89,59.98],[-101.98,60.01],[-101.99,59.97],[-102.02,59.93],[-102.08,60.02],[-102.28,60.21],[-102.38,60.25],[-102.48,60.24],[-102.59,60.25],[-102.6,60.31],[-102.55,60.32]]]}},{"type":"Feature","properties":{"name":"Sarygamysh Köli"},"geometry":{"type":"Polygon","coordinates":[[[57.87,41.77],[57.82,41.7],[57.69,41.64],[57.53,41.59],[57.43,41.58],[57.35,41.57],[57.25,41.65],[57.17,41.73],[57.12,41.73],[57.06,41.73],[57.05,41.77],[57.09,41.97],[57.18,42.19],[57.27,42.3],[57.39,42.34],[57.55,42.26],[57.63,42.15],[57.61,42.1],[57.63,42.07],[57.68,42.01],[57.7,41.91],[57.84,41.84],[57.87,41.77]]]}},{"type":"Feature","properties":{"name":"L. Chany"},"geometry":{"type":"Polygon","coordinates":[[[76.75,54.83],[76.87,54.88],[77.07,54.92],[77.13,54.92],[77.16,54.89],[77.25,54.86],[77.29,54.89],[77.31,54.92],[77.33,54.97],[77.43,55.02],[77.57,55.05],[77.64,55.06],[77.67,55.05],[77.7,55.05],[77.72,55.02],[77.88,55.01],[78.03,54.98],[78.05,54.93],[77.94,54.89],[77.81,54.86],[77.78,54.86],[77.69,54.83],[77.64,54.8],[77.64,54.77],[77.69,54.74],[77.73,54.69],[77.74,54.66],[77.69,54.63],[77.6,54.61],[77.56,54.62],[77.57,54.65],[77.52,54.66],[77.44,54.68],[77.35,54.69],[77.25,54.72],[77.05,54.73],[77.02,54.73],[76.94,54.72],[76.83,54.7],[76.73,54.72],[76.75,54.79],[76.75,54.83]]]}},{"type":"Feature","properties":{"name":"Alaköl"},"geometry":{"type":"Polygon","coordinates":[[[82.13,45.76],[81.75,45.87],[81.56,45.97],[81.43,46.05],[81.4,46.15],[81.41,46.23],[81.4,46.3],[81.44,46.39],[81.53,46.45],[81.65,46.46],[81.76,46.43],[81.84,46.4],[81.91,46.35],[81.98,46.28],[82.03,46.19],[82.04,46.08],[82.06,45.94],[82.13,45.76]]]}},{"type":"Feature","properties":{"name":"Hulun Nuur"},"geometry":{"type":"Polygon","coordinates":[[[117.23,48.59],[117.11,48.56],[117.09,48.58],[117.11,48.63],[117.1,48.7],[117.01,48.79],[116.99,48.84],[117.06,48.91],[117.22,49.0],[117.39,49.14],[117.53,49.27],[117.64,49.34],[117.69,49.35],[117.71,49.32],[117.69,49.27],[117.69,49.22],[117.72,49.18],[117.75,49.17],[117.78,49.16],[117.81,49.12],[117.9,49.11],[118.01,49.1],[118.03,49.07],[117.96,49.03],[117.88,49.03],[117.82,49.06],[117.77,49.06],[117.73,49.03],[117.72,48.99],[117.52,48.85],[117.33,48.69],[117.31,48.64],[117.23,48.59]]]}},{"type":"Feature","properties":{"name":"Inarijärvi"},"geometry":{"type":"Polygon","coordinates":[[[28.45,69.33],[28.53,69.34],[28.63,69.36],[28.68,69.39],[28.76,69.42],[28.75,69.39],[28.7,69.36],[28.55,69.3],[28.53,69.26],[28.57,69.22],[28.54,69.19],[28.45,69.15],[28.44,69.12],[28.4,69.08],[28.25,69.06],[28.09,69.01],[28.09,68.98],[28.26,68.92],[28.33,68.89],[28.36,68.87],[28.34,68.86],[28.3,68.85],[28.08,68.88],[27.99,68.88],[27.89,68.86],[27.92,68.83],[27.98,68.82],[27.99,68.79],[27.87,68.74],[27.84,68.75],[27.84,68.78],[27.78,68.79],[27.7,68.76],[27.66,68.73],[27.57,68.75],[27.46,68.76],[27.43,68.76],[27.37,68.75],[27.28,68.72],[27.26,68.74],[27.36,68.77],[27.43,68.8],[27.42,68.84],[27.33,68.88],[27.27,68.89],[27.17,68.91],[27.16,68.92],[27.24,68.95],[27.48,69.0],[27.53,69.03],[27.56,69.06],[27.75,69.13],[27.94,69.18],[27.98,69.16],[28.09,69.16],[28.08,69.19],[28.05,69.2],[28.01,69.23],[27.99,69.25],[28.03,69.29],[28.1,69.3],[28.11,69.27],[28.14,69.24],[28.23,69.25],[28.31,69.28],[28.32,69.31],[28.34,69.32],[28.45,69.33]]]}},{"type":"Feature","properties":{"name":"Oulujärvi"},"geometry":{"type":"Polygon","coordinates":[[[26.78,64.39],[26.82,64.42],[26.83,64.44],[26.81,64.47],[26.83,64.5],[26.87,64.53],[27.11,64.52],[27.21,64.5],[27.22,64.41],[27.26,64.37],[27.36,64.33],[27.47,64.34],[27.58,64.38],[27.73,64.4],[27.93,64.38],[27.91,64.33],[27.93,64.31],[27.88,64.31],[27.8,64.3],[27.74,64.28],[27.77,64.25],[27.86,64.23],[27.94,64.2],[28.06,64.18],[28.16,64.16],[28.19,64.14],[28.19,64.13],[28.16,64.12],[28.07,64.12],[28.01,64.13],[27.93,64.14],[27.65,64.22],[27.56,64.27],[27.51,64.27],[27.48,64.25],[27.42,64.23],[27.32,64.21],[27.28,64.17],[27.29,64.13],[27.26,64.12],[27.2,64.16],[27.07,64.2],[26.94,64.24],[26.92,64.28],[26.79,64.36],[26.78,64.39]]]}},{"type":"Feature","properties":{"name":"Lake Peipus"},"geometry":{"type":"Polygon","coordinates":[[[27.57,58.22],[27.5,58.18],[27.47,58.22],[27.43,58.3],[27.32,58.4],[27.24,58.45],[27.16,58.65],[26.97,58.81],[26.97,58.88],[27.11,58.95],[27.3,58.99],[27.52,59.01],[27.68,58.98],[27.75,58.91],[27.81,58.57],[27.82,58.48],[27.8,58.45],[27.75,58.43],[27.58,58.31],[27.56,58.26],[27.57,58.22]]]}},{"type":"Feature","properties":{"name":"Lake Kivu"},"geometry":{"type":"Polygon","coordinates":[[[29.2,-1.64],[29.25,-1.74],[29.29,-1.86],[29.36,-2.02],[29.34,-2.06],[29.28,-2.1],[29.26,-2.13],[29.24,-2.16],[29.15,-2.28],[29.11,-2.3],[29.08,-2.35],[29.05,-2.35],[29.0,-2.36],[28.91,-2.43],[28.85,-2.45],[28.86,-2.37],[28.92,-2.29],[28.9,-2.24],[28.88,-2.23],[28.87,-2.19],[28.88,-2.15],[28.92,-2.08],[28.91,-2.01],[28.99,-1.84],[29.03,-1.65],[29.07,-1.6],[29.2,-1.64]]]}},{"type":"Feature","properties":{"name":"Kremenchuk Reservoir"},"geometry":{"type":"Polygon","coordinates":[[[33.17,49.02],[33.16,48.99],[33.08,49.0],[33.07,49.02],[33.04,49.06],[32.98,49.08],[32.86,49.09],[32.77,49.12],[32.72,49.14],[32.62,49.2],[32.41,49.3],[32.29,49.35],[32.17,49.4],[31.9,49.51],[31.89,49.55],[31.95,49.57],[32.11,49.54],[32.18,49.52],[32.35,49.47],[32.46,49.43],[32.63,49.38],[32.68,49.4],[32.66,49.46],[32.66,49.54],[32.71,49.56],[32.75,49.48],[32.86,49.41],[33.02,49.28],[33.1,49.2],[33.19,49.12],[33.19,49.09],[33.17,49.02]]]}},{"type":"Feature","properties":{"name":"Rés. de La Grande 3"},"geometry":{"type":"Polygon","coordinates":[[[-76.09,53.67],[-76.1,53.74],[-76.04,53.74],[-75.93,53.77],[-75.9,53.79],[-75.91,53.81],[-75.85,53.85],[-75.55,53.89],[-75.29,53.9],[-75.27,53.88],[-75.24,53.84],[-75.18,53.82],[-74.8,53.89],[-74.73,53.9],[-74.72,53.86],[-74.82,53.84],[-74.89,53.79],[-75.05,53.75],[-75.19,53.72],[-75.27,53.71],[-75.27,53.68],[-75.16,53.68],[-74.94,53.67],[-74.77,53.65],[-74.59,53.67],[-74.46,53.7],[-74.43,53.69],[-74.46,53.66],[-74.68,53.61],[-74.81,53.6],[-74.94,53.58],[-75.03,53.58],[-75.0,53.62],[-75.03,53.64],[-75.12,53.62],[-75.24,53.62],[-75.48,53.63],[-75.63,53.64],[-75.66,53.62],[-75.61,53.6],[-75.6,53.58],[-75.63,53.54],[-75.72,53.5],[-75.93,53.47],[-76.1,53.48],[-76.12,53.52],[-76.06,53.57],[-76.02,53.59],[-75.94,53.62],[-75.91,53.65],[-75.94,53.69],[-76.02,53.67],[-76.09,53.67]]]}},{"type":"Feature","properties":{"name":"Rés. de La Grande 2"},"geometry":{"type":"Polygon","coordinates":[[[-76.1,53.74],[-76.09,53.67],[-76.36,53.63],[-76.39,53.6],[-76.52,53.56],[-76.84,53.5],[-76.91,53.5],[-77.19,53.49],[-77.22,53.52],[-77.29,53.52],[-77.4,53.52],[-77.49,53.56],[-77.49,53.61],[-77.47,53.64],[-77.51,53.65],[-77.62,53.66],[-77.69,53.68],[-77.61,53.72],[-77.42,53.8],[-77.34,53.81],[-77.29,53.79],[-77.02,53.82],[-76.9,53.85],[-76.77,53.91],[-76.73,53.98],[-76.85,54.03],[-76.89,54.06],[-76.87,54.07],[-76.84,54.09],[-76.66,54.03],[-76.62,54.03],[-76.6,54.05],[-76.56,54.06],[-76.51,54.05],[-76.47,54.06],[-76.47,54.08],[-76.53,54.12],[-76.57,54.14],[-76.56,54.16],[-76.45,54.18],[-76.37,54.19],[-76.33,54.16],[-76.26,54.14],[-76.2,54.14],[-76.19,54.15],[-76.15,54.14],[-76.11,54.12],[-76.14,54.11],[-76.18,54.1],[-76.25,54.07],[-76.3,53.96],[-76.35,53.95],[-76.38,53.93],[-76.43,53.9],[-76.49,53.85],[-76.6,53.79],[-76.7,53.75],[-76.75,53.72],[-76.7,53.7],[-76.55,53.71],[-76.14,53.74],[-76.1,53.74]]]}},{"type":"Feature","properties":{"name":"Lago Argentino"},"geometry":{"type":"Polygon","coordinates":[[[-71.98,-50.22],[-72.0,-50.24],[-72.11,-50.26],[-72.27,-50.3],[-72.44,-50.31],[-72.59,-50.29],[-72.67,-50.28],[-72.79,-50.29],[-72.97,-50.36],[-73.0,-50.42],[-72.96,-50.47],[-72.86,-50.47],[-72.8,-50.46],[-72.78,-50.48],[-72.85,-50.54],[-72.92,-50.61],[-72.95,-50.62],[-73.01,-50.52],[-73.11,-50.37],[-73.17,-50.33],[-73.22,-50.34],[-73.27,-50.35],[-73.28,-50.33],[-73.21,-50.27],[-73.03,-50.29],[-72.97,-50.26],[-72.98,-50.23],[-73.04,-50.2],[-73.16,-50.15],[-73.23,-50.16],[-73.29,-50.21],[-73.3,-50.19],[-73.28,-50.12],[-73.29,-50.07],[-73.25,-50.03],[-73.2,-50.0],[-73.19,-49.98],[-73.14,-50.03],[-73.06,-50.13],[-72.95,-50.18],[-72.8,-50.2],[-72.73,-50.19],[-72.44,-50.17],[-72.12,-50.13],[-72.04,-50.16],[-71.98,-50.22]]]}},{"type":"Feature","properties":{"name":"Lake Vygozero"},"geometry":{"type":"Polygon","coordinates":[[[35.01,63.51],[35.15,63.48],[35.25,63.49],[35.37,63.49],[35.41,63.45],[35.38,63.43],[35.19,63.4],[35.17,63.38],[35.1,63.38],[35.05,63.4],[34.98,63.43],[34.87,63.46],[34.83,63.43],[34.88,63.29],[34.95,63.18],[34.96,63.12],[34.95,63.03],[34.91,62.95],[34.86,62.92],[34.86,62.94],[34.87,62.98],[34.86,63.01],[34.87,63.04],[34.9,63.05],[34.89,63.11],[34.86,63.17],[34.85,63.23],[34.84,63.28],[34.8,63.33],[34.7,63.4],[34.55,63.46],[34.52,63.48],[34.52,63.5],[34.45,63.62],[34.36,63.7],[34.31,63.69],[34.27,63.66],[34.22,63.61],[34.21,63.68],[34.28,63.78],[34.35,63.85],[34.43,63.85],[34.56,63.82],[34.64,63.79],[34.62,63.77],[34.86,63.72],[34.86,63.69],[34.99,63.59],[34.98,63.56],[34.95,63.54],[35.01,63.51]]]}},{"type":"Feature","properties":{"name":"Pielinen"},"geometry":{"type":"Polygon","coordinates":[[[29.99,63.29],[30.0,63.27],[29.97,63.27],[29.96,63.23],[29.99,63.14],[30.14,62.97],[30.33,62.83],[30.32,62.81],[30.23,62.8],[30.14,62.72],[30.09,62.73],[30.16,62.79],[30.22,62.87],[30.14,62.93],[30.07,62.94],[30.03,62.96],[29.85,63.09],[29.81,63.15],[29.59,63.16],[29.53,63.18],[29.39,63.18],[29.3,63.26],[29.24,63.32],[29.12,63.41],[29.04,63.48],[29.07,63.51],[29.08,63.56],[29.09,63.57],[29.19,63.51],[29.31,63.46],[29.37,63.44],[29.53,63.38],[29.72,63.31],[29.78,63.29],[29.83,63.29],[29.91,63.31],[29.99,63.29]]]}},{"type":"Feature","properties":{"name":"Lake Topozero"},"geometry":{"type":"Polygon","coordinates":[[[32.52,65.53],[32.66,65.48],[32.69,65.45],[32.71,65.42],[32.71,65.39],[32.67,65.39],[32.63,65.42],[32.48,65.47],[32.27,65.51],[32.11,65.55],[32.0,65.57],[31.95,65.6],[31.94,65.62],[31.89,65.64],[31.84,65.64],[31.73,65.67],[31.57,65.73],[31.51,65.8],[31.69,65.86],[31.98,65.89],[32.05,65.88],[32.12,65.83],[32.14,65.78],[32.2,65.76],[32.33,65.7],[32.36,65.67],[32.36,65.63],[32.38,65.58],[32.42,65.54],[32.52,65.53]]]}},{"type":"Feature","properties":{"name":""},"geometry":{"type":"Polygon","coordinates":[[[-72.84,81.68],[-72.62,81.7],[-72.35,81.73],[-69.58,81.92],[-69.28,81.93],[-68.97,81.94],[-69.48,81.89],[-70.02,81.84],[-72.22,81.7],[-72.71,81.67],[-72.74,81.68],[-72.84,81.68]]]}},{"type":"Feature","properties":{"name":"Poyang Hu"},"geometry":{"type":"Polygon","coordinates":[[[116.71,29.14],[116.71,29.1],[116.67,29.1],[116.64,29.1],[116.62,29.11],[116.58,29.13],[116.52,29.14],[116.5,29.12],[116.48,29.04],[116.5,28.95],[116.53,28.89],[116.54,28.84],[116.51,28.8],[116.47,28.8],[116.44,28.86],[116.42,28.88],[116.41,28.91],[116.35,28.91],[116.33,28.96],[116.1,29.11],[116.06,29.15],[116.05,29.19],[115.98,29.28],[115.97,29.31],[116.0,29.39],[116.03,29.45],[116.09,29.55],[116.12,29.65],[116.1,29.69],[116.08,29.7],[116.11,29.73],[116.18,29.75],[116.2,29.75],[116.23,29.7],[116.23,29.67],[116.21,29.64],[116.2,29.6],[116.18,29.57],[116.16,29.52],[116.14,29.45],[116.11,29.43],[116.11,29.4],[116.14,29.39],[116.19,29.38],[116.2,29.36],[116.15,29.33],[116.14,29.31],[116.15,29.25],[116.31,29.23],[116.34,29.23],[116.37,29.22],[116.36,29.19],[116.36,29.15],[116.41,29.18],[116.44,29.24],[116.47,29.25],[116.54,29.24],[116.6,29.24],[116.64,29.24],[116.66,29.23],[116.66,29.19],[116.67,29.16],[116.71,29.14]]]}},{"type":"Feature","properties":{"name":"Har Us Nuur"},"geometry":{"type":"Polygon","coordinates":[[[92.79,48.18],[92.62,48.1],[92.44,48.03],[92.35,47.96],[92.28,47.85],[92.2,47.77],[92.08,47.82],[91.99,47.93],[91.98,48.01],[92.11,48.05],[92.25,48.13],[92.25,48.26],[92.29,48.35],[92.36,48.36],[92.42,48.36],[92.48,48.34],[92.4,48.24],[92.41,48.16],[92.48,48.14],[92.54,48.14],[92.64,48.19],[92.64,48.27],[92.64,48.33],[92.73,48.31],[92.8,48.25],[92.79,48.18]]]}},{"type":"Feature","properties":{"name":"Vättern"},"geometry":{"type":"Polygon","coordinates":[[[14.93,58.78],[14.94,58.76],[14.93,58.7],[14.9,58.63],[14.89,58.59],[14.96,58.54],[14.95,58.51],[14.83,58.46],[14.69,58.4],[14.62,58.3],[14.58,58.2],[14.54,58.14],[14.5,58.09],[14.34,57.93],[14.24,57.81],[14.16,57.8],[14.12,57.92],[14.21,58.15],[14.39,58.41],[14.51,58.56],[14.63,58.68],[14.73,58.73],[14.82,58.79],[14.93,58.85],[14.97,58.85],[14.96,58.84],[14.93,58.78]]]}},{"type":"Feature","properties":{"name":"Lake Van"},"geometry":{"type":"Polygon","coordinates":[[[42.99,38.35],[42.92,38.39],[42.91,38.43],[42.88,38.48],[42.86,38.48],[42.78,38.46],[42.68,38.46],[42.59,38.48],[42.54,38.49],[42.35,38.5],[42.37,38.55],[42.43,38.61],[42.46,38.64],[42.46,38.69],[42.53,38.74],[42.72,38.78],[42.84,38.79],[42.94,38.79],[43.08,38.81],[43.16,38.85],[43.16,38.87],[43.13,38.88],[43.09,38.88],[43.08,38.92],[43.15,38.95],[43.28,38.96],[43.44,38.99],[43.56,38.98],[43.61,38.95],[43.53,38.9],[43.38,38.84],[43.29,38.81],[43.21,38.72],[43.19,38.6],[43.29,38.55],[43.32,38.49],[43.23,38.41],[43.15,38.34],[43.09,38.33],[42.99,38.35]]]}},{"type":"Feature","properties":{"name":"Lake Mead"},"geometry":{"type":"Polygon","coordinates":[[[-113.64,35.83],[-113.67,35.84],[-113.73,35.92],[-113.8,36.01],[-113.89,36.08],[-113.95,36.13],[-113.99,36.16],[-114.04,36.16],[-114.11,36.03],[-114.21,36.01],[-114.29,36.03],[-114.32,36.08],[-114.37,36.1],[-114.41,36.09],[-114.45,36.08],[-114.5,36.11],[-114.64,36.11],[-114.71,36.02],[-114.74,36.01],[-114.77,36.02],[-114.81,36.08],[-114.82,36.12],[-114.65,36.15],[-114.51,36.19],[-114.43,36.24],[-114.41,36.35],[-114.39,36.48],[-114.36,36.52],[-114.34,36.52],[-114.33,36.44],[-114.36,36.34],[-114.37,36.21],[-114.3,36.11],[-114.23,36.05],[-114.16,36.08],[-114.1,36.15],[-114.03,36.24],[-114.0,36.24],[-113.92,36.18],[-113.86,36.12],[-113.78,36.05],[-113.7,35.96],[-113.63,35.86],[-113.64,35.83]]]}},{"type":"Feature","properties":{"name":"Smallwood Reservoir"},"geometry":{"type":"Polygon","coordinates":[[[-63.18,54.13],[-63.18,54.11],[-63.2,54.07],[-63.1,54.0],[-63.14,53.97],[-63.2,53.96],[-63.25,53.97],[-63.3,53.99],[-63.42,54.01],[-63.49,54.01],[-63.55,54.01],[-63.57,53.98],[-63.53,53.95],[-63.53,53.93],[-63.65,53.92],[-63.7,53.92],[-63.77,53.9],[-63.76,53.88],[-63.83,53.86],[-64.01,53.86],[-64.12,53.9],[-64.14,53.96],[-64.18,54.01],[-64.5,54.08],[-64.53,54.11],[-64.56,54.12],[-64.65,54.11],[-64.69,54.08],[-64.64,54.03],[-64.66,54.0],[-64.69,53.96],[-64.75,53.93],[-64.84,53.93],[-64.92,53.92],[-65.01,53.89],[-65.12,53.84],[-65.18,53.82],[-65.26,53.8],[-65.3,53.76],[-65.3,53.72],[-65.19,53.67],[-65.19,53.64],[-65.15,53.56],[-65.16,53.54],[-65.13,53.5],[-64.97,53.45],[-65.02,53.42],[-65.23,53.45],[-65.53,53.49],[-65.58,53.54],[-65.48,53.55],[-65.39,53.56],[-65.33,53.59],[-65.32,53.6],[-65.33,53.64],[-65.36,53.67],[-65.38,53.72],[-65.36,53.76],[-65.33,53.82],[-65.34,53.88],[-65.41,53.9],[-65.45,53.91],[-65.51,53.95],[-65.52,54.0],[-65.58,54.06],[-65.73,54.09],[-65.83,54.13],[-66.11,54.35],[-66.25,54.43],[-66.28,54.48],[-66.36,54.54],[-66.44,54.56],[-66.43,54.51],[-66.35,54.42],[-66.38,54.38],[-66.41,54.34],[-66.39,54.26],[-66.33,54.18],[-66.32,54.15],[-66.38,54.16],[-66.49,54.27],[-66.55,54.36],[-66.58,54.42],[-66.61,54.49],[-66.62,54.52],[-66.61,54.58],[-66.62,54.62],[-66.53,54.63],[-66.51,54.65],[-66.53,54.77],[-66.51,54.8],[-66.56,54.88],[-66.6,54.92],[-66.59,54.95],[-66.57,54.96],[-66.57,54.99],[-66.6,55.03],[-66.58,55.05],[-66.55,55.05],[-66.54,55.07],[-66.56,55.1],[-66.53,55.1],[-66.45,55.05],[-66.34,54.98],[-66.35,54.95],[-66.35,54.94],[-66.35,54.91],[-66.38,54.9],[-66.42,54.9],[-66.43,54.89],[-66.43,54.88],[-66.4,54.85],[-66.41,54.84],[-66.42,54.83],[-66.43,54.81],[-66.36,54.72],[-66.35,54.69],[-66.2,54.58],[-66.19,54.52],[-66.19,54.48],[-66.02,54.35],[-65.99,54.34],[-65.94,54.27],[-65.91,54.28],[-65.87,54.28],[-65.79,54.2],[-65.71,54.16],[-65.68,54.18],[-65.5,54.05],[-65.4,54.01],[-65.34,54.04],[-65.19,53.99],[-65.1,54.01],[-65.18,54.08],[-65.13,54.08],[-64.86,54.05],[-64.82,54.08],[-64.94,54.15],[-65.01,54.22],[-65.07,54.34],[-65.17,54.44],[-65.31,54.46],[-65.3,54.48],[-65.28,54.52],[-65.27,54.61],[-65.22,54.65],[-65.16,54.66],[-65.14,54.64],[-65.22,54.56],[-65.19,54.53],[-65.14,54.51],[-65.1,54.47],[-65.06,54.4],[-64.96,54.3],[-64.98,54.29],[-64.97,54.24],[-64.92,54.17],[-64.88,54.15],[-64.88,54.16],[-64.86,54.17],[-64.76,54.14],[-64.68,54.14],[-64.62,54.17],[-64.58,54.19],[-64.51,54.19],[-64.43,54.19],[-64.33,54.17],[-64.22,54.18],[-64.23,54.21],[-64.27,54.23],[-64.28,54.26],[-64.33,54.27],[-64.41,54.26],[-64.46,54.25],[-64.48,54.27],[-64.42,54.33],[-64.4,54.51],[-64.37,54.62],[-64.38,54.68],[-64.42,54.74],[-64.4,54.74],[-64.32,54.7],[-64.3,54.66],[-64.33,54.57],[-64.32,54.52],[-64.2,54.41],[-64.14,54.35],[-64.03,54.28],[-63.95,54.24],[-63.87,54.17],[-63.75,54.1],[-63.58,54.08],[-63.47,54.1],[-63.37,54.14],[-63.32,54.14],[-63.23,54.14],[-63.18,54.13]]]}},{"type":"Feature","properties":{"name":"Lake Taymyr"},"geometry":{"type":"Polygon","coordinates":[[[101.02,73.86],[100.95,73.89],[101.03,73.94],[101.1,73.99],[101.06,74.09],[100.97,74.2],[100.9,74.26],[100.77,74.29],[100.61,74.3],[100.5,74.31],[100.41,74.34],[100.22,74.35],[100.08,74.34],[99.96,74.33],[99.71,74.34],[99.58,74.36],[99.51,74.4],[99.61,74.42],[99.83,74.41],[99.97,74.41],[100.17,74.44],[100.23,74.48],[100.35,74.53],[100.5,74.58],[100.5,74.63],[100.43,74.72],[100.32,74.8],[100.1,74.86],[100.13,74.9],[100.27,74.94],[100.42,74.95],[100.46,75.01],[100.28,75.08],[100.04,75.1],[100.03,75.12],[100.03,75.15],[100.11,75.16],[100.19,75.15],[100.3,75.13],[100.44,75.09],[100.54,75.07],[100.61,75.04],[100.62,74.98],[100.54,74.93],[100.53,74.87],[100.57,74.82],[100.71,74.76],[100.84,74.72],[101.06,74.68],[101.81,74.64],[102.48,74.64],[103.25,74.68],[103.49,74.71],[103.76,74.76],[104.03,74.8],[104.23,74.81],[104.21,74.86],[104.03,74.89],[103.88,74.93],[103.91,74.98],[103.99,75.01],[104.05,75.02],[104.12,75.06],[104.13,75.09],[104.15,75.11],[104.26,75.12],[104.47,75.09],[104.63,75.01],[104.86,74.92],[105.31,74.86],[105.33,74.81],[105.23,74.78],[104.97,74.77],[104.51,74.74],[104.0,74.65],[103.92,74.63],[103.84,74.63],[103.74,74.63],[103.57,74.59],[103.2,74.57],[102.83,74.54],[102.46,74.52],[102.04,74.5],[101.99,74.41],[102.07,74.32],[102.19,74.24],[102.16,74.23],[102.06,74.23],[101.98,74.24],[101.85,74.26],[101.69,74.29],[101.43,74.36],[101.31,74.4],[101.33,74.44],[101.37,74.48],[101.21,74.49],[101.05,74.48],[100.86,74.46],[100.88,74.42],[100.98,74.41],[101.1,74.39],[101.1,74.33],[101.16,74.25],[101.28,74.14],[101.44,74.04],[101.53,73.95],[101.55,73.88],[101.53,73.84],[101.44,73.84],[101.38,73.84],[101.12,73.85],[101.02,73.86]]]}},{"type":"Feature","properties":{"name":"Réservoir Gouin"},"geometry":{"type":"Polygon","coordinates":[[[-74.53,48.46],[-74.55,48.44],[-74.58,48.42],[-74.6,48.42],[-74.62,48.42],[-74.64,48.41],[-74.65,48.4],[-74.68,48.36],[-74.69,48.36],[-74.69,48.38],[-74.71,48.42],[-74.72,48.43],[-74.76,48.45],[-74.82,48.51],[-74.87,48.56],[-74.91,48.58],[-74.94,48.58],[-74.96,48.56],[-74.97,48.52],[-74.96,48.5],[-74.94,48.49],[-74.94,48.45],[-74.95,48.38],[-74.96,48.36],[-74.99,48.37],[-75.02,48.36],[-75.06,48.35],[-75.08,48.34],[-75.13,48.29],[-75.14,48.29],[-75.13,48.33],[-75.11,48.41],[-75.1,48.48],[-75.07,48.49],[-75.04,48.51],[-75.01,48.56],[-75.02,48.61],[-75.07,48.6],[-75.09,48.58],[-75.13,48.55],[-75.17,48.53],[-75.18,48.48],[-75.18,48.44],[-75.17,48.41],[-75.21,48.41],[-75.27,48.41],[-75.3,48.42],[-75.34,48.44],[-75.36,48.43],[-75.39,48.44],[-75.41,48.44],[-75.39,48.48],[-75.35,48.53],[-75.3,48.58],[-75.28,48.6],[-75.25,48.6],[-75.22,48.59],[-75.18,48.6],[-75.15,48.64],[-75.11,48.67],[-75.06,48.71],[-75.04,48.71],[-74.97,48.69],[-74.92,48.71],[-74.81,48.76],[-74.76,48.77],[-74.72,48.78],[-74.63,48.8],[-74.56,48.8],[-74.54,48.78],[-74.52,48.76],[-74.54,48.7],[-74.58,48.64],[-74.56,48.61],[-74.51,48.59],[-74.48,48.58],[-74.46,48.58],[-74.41,48.59],[-74.4,48.58],[-74.41,48.55],[-74.37,48.49],[-74.31,48.45],[-74.26,48.44],[-74.22,48.43],[-74.17,48.4],[-74.12,48.39],[-74.1,48.37],[-74.15,48.36],[-74.24,48.35],[-74.31,48.38],[-74.39,48.44],[-74.46,48.47],[-74.51,48.48],[-74.53,48.46]]]}},{"type":"Feature","properties":{"name":"Ozero Pyasino"},"geometry":{"type":"Polygon","coordinates":[[[88.16,69.5],[88.15,69.48],[88.11,69.48],[88.04,69.48],[87.94,69.48],[87.88,69.48],[87.81,69.49],[87.73,69.51],[87.69,69.54],[87.7,69.59],[87.72,69.62],[87.69,69.7],[87.61,69.81],[87.47,69.87],[87.37,69.88],[87.35,69.89],[87.37,69.92],[87.39,69.95],[87.41,70.0],[87.49,70.02],[87.65,70.07],[87.81,70.1],[87.92,70.09],[87.97,70.06],[87.94,70.03],[87.77,69.98],[87.66,69.96],[87.66,69.92],[87.68,69.89],[87.71,69.88],[87.78,69.84],[87.88,69.78],[87.93,69.76],[88.0,69.69],[88.03,69.61],[88.02,69.59],[88.04,69.56],[88.11,69.53],[88.16,69.5]]]}},{"type":"Feature","properties":{"name":"Lake Bienville"},"geometry":{"type":"Polygon","coordinates":[[[-73.18,55.1],[-73.15,55.11],[-73.15,55.12],[-73.07,55.15],[-72.92,55.18],[-72.83,55.19],[-72.73,55.2],[-72.65,55.21],[-72.59,55.22],[-72.52,55.22],[-72.42,55.24],[-72.31,55.27],[-72.22,55.28],[-72.25,55.26],[-72.28,55.23],[-72.29,55.19],[-72.29,55.17],[-72.36,55.13],[-72.47,55.08],[-72.63,55.05],[-72.71,55.01],[-72.79,55.0],[-72.92,54.97],[-73.05,54.95],[-73.11,54.95],[-73.15,54.96],[-73.21,54.97],[-73.31,54.95],[-73.41,54.92],[-73.56,54.9],[-73.6,54.93],[-73.51,54.94],[-73.43,54.97],[-73.41,54.99],[-73.43,55.01],[-73.48,55.02],[-73.51,55.03],[-73.51,55.05],[-73.49,55.06],[-73.43,55.05],[-73.36,55.05],[-73.27,55.07],[-73.21,55.09],[-73.18,55.1]]]}},{"type":"Feature","properties":{"name":"Akkajaure"},"geometry":{"type":"Polygon","coordinates":[[[18.18,67.48],[17.84,67.59],[17.63,67.61],[17.57,67.62],[17.48,67.64],[17.34,67.65],[17.25,67.67],[17.22,67.69],[17.15,67.73],[17.13,67.79],[17.3,67.75],[17.43,67.71],[18.12,67.56],[18.2,67.53],[18.4,67.46],[18.43,67.42],[18.18,67.48]]]}},{"type":"Feature","properties":{"name":"Lake Kovdozero"},"geometry":{"type":"Polygon","coordinates":[[[32.31,66.5],[32.3,66.49],[32.3,66.48],[32.33,66.47],[32.37,66.46],[32.38,66.45],[32.4,66.44],[32.39,66.44],[32.35,66.42],[32.22,66.45],[32.12,66.47],[31.99,66.47],[31.98,66.49],[31.98,66.5],[32.11,66.52],[32.13,66.54],[32.12,66.56],[32.03,66.63],[31.96,66.7],[31.9,66.74],[31.74,66.75],[31.58,66.76],[31.56,66.77],[31.55,66.78],[31.58,66.8],[31.61,66.81],[31.62,66.82],[31.71,66.82],[31.76,66.84],[31.77,66.86],[31.7,66.87],[31.68,66.89],[31.75,66.91],[31.86,66.89],[31.95,66.84],[32.09,66.84],[32.22,66.83],[32.24,66.82],[32.2,66.78],[32.18,66.76],[32.2,66.75],[32.25,66.73],[32.31,66.71],[32.33,66.69],[32.34,66.67],[32.31,66.65],[32.26,66.62],[32.22,66.6],[32.24,66.57],[32.31,66.53],[32.31,66.5]]]}},{"type":"Feature","properties":{"name":"Réservoir Pipmuacan"},"geometry":{"type":"Polygon","coordinates":[[[-70.08,49.44],[-70.14,49.49],[-70.14,49.53],[-70.14,49.56],[-70.16,49.59],[-70.19,49.62],[-70.24,49.63],[-70.28,49.64],[-70.32,49.62],[-70.35,49.59],[-70.33,49.54],[-70.33,49.52],[-70.35,49.5],[-70.41,49.52],[-70.43,49.53],[-70.45,49.54],[-70.47,49.53],[-70.49,49.5],[-70.5,49.46],[-70.51,49.43],[-70.52,49.41],[-70.54,49.44],[-70.57,49.47],[-70.64,49.47],[-70.68,49.45],[-70.7,49.43],[-70.74,49.44],[-70.76,49.49],[-70.79,49.54],[-70.82,49.54],[-70.83,49.54],[-70.86,49.52],[-70.89,49.46],[-70.94,49.41],[-70.96,49.41],[-70.92,49.5],[-70.86,49.6],[-70.83,49.62],[-70.79,49.6],[-70.74,49.56],[-70.72,49.52],[-70.67,49.53],[-70.58,49.57],[-70.51,49.63],[-70.47,49.67],[-70.44,49.68],[-70.41,49.68],[-70.34,49.67],[-70.31,49.7],[-70.31,49.75],[-70.36,49.83],[-70.38,49.89],[-70.34,49.88],[-70.32,49.86],[-70.29,49.81],[-70.26,49.75],[-70.24,49.7],[-70.21,49.68],[-70.17,49.68],[-70.14,49.71],[-70.1,49.69],[-70.07,49.64],[-70.02,49.6],[-69.95,49.55],[-69.9,49.55],[-69.84,49.47],[-69.79,49.37],[-69.78,49.34],[-69.83,49.33],[-69.86,49.34],[-69.87,49.37],[-69.89,49.41],[-69.9,49.45],[-69.9,49.48],[-69.92,49.5],[-69.95,49.52],[-69.98,49.52],[-70.03,49.5],[-70.06,49.48],[-70.07,49.46],[-70.08,49.44]]]}},{"type":"Feature","properties":{"name":"Grand Lake"},"geometry":{"type":"Polygon","coordinates":[[[-57.03,49.27],[-57.01,49.3],[-56.99,49.33],[-56.96,49.34],[-56.94,49.3],[-56.93,49.26],[-56.97,49.23],[-57.02,49.21],[-57.05,49.22],[-57.13,49.17],[-57.24,49.06],[-57.44,48.91],[-57.51,48.86],[-57.58,48.79],[-57.76,48.67],[-57.86,48.64],[-57.95,48.66],[-58.01,48.66],[-57.97,48.69],[-57.78,48.77],[-57.66,48.86],[-57.56,48.89],[-57.37,49.01],[-57.27,49.1],[-57.26,49.15],[-57.26,49.18],[-57.22,49.19],[-57.12,49.24],[-57.03,49.27]]]}},{"type":"Feature","properties":{"name":"Gods Lake"},"geometry":{"type":"Polygon","coordinates":[[[-93.92,54.84],[-93.78,54.81],[-93.69,54.79],[-93.64,54.79],[-93.65,54.78],[-93.7,54.76],[-93.83,54.76],[-93.91,54.74],[-93.93,54.71],[-93.99,54.67],[-94.16,54.64],[-94.29,54.62],[-94.34,54.61],[-94.41,54.59],[-94.45,54.54],[-94.47,54.52],[-94.5,54.5],[-94.55,54.48],[-94.67,54.44],[-94.76,54.41],[-94.77,54.43],[-94.77,54.45],[-94.76,54.48],[-94.73,54.5],[-94.65,54.54],[-94.56,54.62],[-94.51,54.67],[-94.49,54.72],[-94.48,54.79],[-94.48,54.8],[-94.44,54.8],[-94.37,54.82],[-94.27,54.84],[-94.11,54.85],[-94.01,54.85],[-93.92,54.84]]]}},{"type":"Feature","properties":{"name":"Rainy Lake"},"geometry":{"type":"Polygon","coordinates":[[[-92.92,48.43],[-93.0,48.45],[-93.05,48.48],[-93.07,48.5],[-93.06,48.51],[-92.98,48.49],[-92.86,48.46],[-92.79,48.45],[-92.75,48.48],[-92.7,48.51],[-92.7,48.52],[-92.81,48.54],[-92.94,48.56],[-92.95,48.58],[-92.95,48.59],[-93.0,48.59],[-93.08,48.59],[-93.11,48.58],[-93.1,48.56],[-93.12,48.55],[-93.16,48.56],[-93.2,48.58],[-93.28,48.61],[-93.34,48.6],[-93.38,48.62],[-93.37,48.64],[-93.37,48.66],[-93.4,48.68],[-93.4,48.7],[-93.38,48.71],[-93.35,48.72],[-93.36,48.75],[-93.42,48.78],[-93.5,48.81],[-93.58,48.83],[-93.61,48.83],[-93.58,48.84],[-93.49,48.84],[-93.43,48.85],[-93.44,48.87],[-93.45,48.89],[-93.46,48.9],[-93.41,48.91],[-93.34,48.93],[-93.32,48.93],[-93.29,48.88],[-93.26,48.83],[-93.23,48.8],[-93.2,48.79],[-93.2,48.77],[-93.2,48.75],[-93.23,48.72],[-93.27,48.69],[-93.26,48.67],[-93.25,48.67],[-93.22,48.67],[-93.17,48.7],[-93.12,48.73],[-93.14,48.71],[-93.15,48.67],[-93.12,48.67],[-93.02,48.68],[-92.98,48.69],[-92.95,48.68],[-92.9,48.68],[-92.79,48.7],[-92.78,48.68],[-92.85,48.65],[-92.87,48.63],[-92.87,48.62],[-92.81,48.6],[-92.73,48.59],[-92.69,48.59],[-92.66,48.6],[-92.64,48.59],[-92.6,48.56],[-92.58,48.53],[-92.58,48.51],[-92.57,48.5],[-92.6,48.48],[-92.57,48.47],[-92.49,48.46],[-92.47,48.44],[-92.45,48.42],[-92.44,48.39],[-92.44,48.36],[-92.46,48.35],[-92.48,48.37],[-92.52,48.4],[-92.6,48.42],[-92.76,48.43],[-92.92,48.43]]]}},{"type":"Feature","properties":{"name":"Williston Lake"},"geometry":{"type":"Polygon","coordinates":[[[-122.5,56.08],[-122.6,56.09],[-122.7,56.08],[-122.82,56.06],[-122.92,56.06],[-123.01,56.04],[-123.14,55.97],[-123.43,55.98],[-123.72,56.02],[-123.78,55.99],[-123.79,55.94],[-123.77,55.89],[-123.76,55.86],[-123.74,55.85],[-123.72,55.85],[-123.69,55.8],[-123.66,55.75],[-123.61,55.73],[-123.54,55.68],[-123.45,55.62],[-123.39,55.57],[-123.3,55.49],[-123.23,55.42],[-123.18,55.4],[-123.17,55.39],[-123.17,55.36],[-123.17,55.33],[-123.17,55.29],[-123.16,55.23],[-123.15,55.19],[-123.14,55.18],[-123.17,55.2],[-123.24,55.3],[-123.33,55.43],[-123.42,55.53],[-123.51,55.61],[-123.64,55.68],[-123.81,55.79],[-123.88,55.81],[-123.92,55.83],[-124.0,55.89],[-124.03,55.91],[-124.04,55.91],[-124.05,55.92],[-124.04,55.94],[-124.03,55.97],[-124.03,56.0],[-124.1,56.01],[-124.21,56.01],[-124.39,56.06],[-124.51,56.11],[-124.48,56.12],[-124.35,56.08],[-124.22,56.05],[-124.17,56.07],[-124.16,56.09],[-124.24,56.15],[-124.34,56.21],[-124.48,56.36],[-124.83,56.71],[-124.84,56.76],[-124.76,56.74],[-124.66,56.66],[-124.56,56.57],[-124.46,56.47],[-124.4,56.4],[-124.38,56.37],[-124.36,56.34],[-124.31,56.31],[-124.25,56.26],[-124.19,56.24],[-124.14,56.24],[-124.07,56.26],[-124.05,56.22],[-124.07,56.15],[-124.04,56.1],[-123.97,56.06],[-123.79,56.07],[-123.61,56.06],[-123.46,56.05],[-123.24,56.03],[-123.12,56.05],[-123.09,56.08],[-122.97,56.12],[-122.83,56.13],[-122.76,56.14],[-122.64,56.16],[-122.57,56.16],[-122.42,56.13],[-122.26,56.08],[-122.22,56.06],[-122.22,56.02],[-122.29,56.02],[-122.34,56.03],[-122.44,56.05],[-122.5,56.08]]]}},{"type":"Feature","properties":{"name":"Ft. Peck Lake"},"geometry":{"type":"Polygon","coordinates":[[[-106.22,47.59],[-106.25,47.55],[-106.27,47.55],[-106.25,47.6],[-106.25,47.64],[-106.28,47.7],[-106.32,47.76],[-106.34,47.78],[-106.36,47.81],[-106.38,47.85],[-106.42,47.88],[-106.45,47.88],[-106.48,47.86],[-106.52,47.83],[-106.55,47.78],[-106.56,47.75],[-106.6,47.75],[-106.68,47.74],[-106.77,47.72],[-106.81,47.72],[-106.84,47.69],[-106.85,47.65],[-106.86,47.63],[-106.88,47.65],[-106.91,47.67],[-106.94,47.67],[-106.99,47.64],[-107.02,47.65],[-107.03,47.67],[-107.18,47.69],[-107.31,47.69],[-107.33,47.69],[-107.39,47.65],[-107.43,47.63],[-107.51,47.62],[-107.61,47.62],[-107.72,47.56],[-107.85,47.47],[-107.91,47.39],[-107.92,47.41],[-107.91,47.47],[-107.92,47.51],[-107.93,47.54],[-107.95,47.56],[-107.98,47.57],[-108.04,47.58],[-108.17,47.58],[-108.2,47.6],[-108.17,47.61],[-108.05,47.61],[-107.96,47.6],[-107.93,47.59],[-107.89,47.54],[-107.84,47.53],[-107.78,47.57],[-107.71,47.61],[-107.69,47.65],[-107.69,47.67],[-107.71,47.69],[-107.61,47.68],[-107.45,47.66],[-107.42,47.68],[-107.38,47.72],[-107.34,47.73],[-107.3,47.72],[-107.23,47.72],[-107.12,47.73],[-106.99,47.72],[-106.93,47.73],[-106.94,47.75],[-106.93,47.76],[-106.88,47.78],[-106.82,47.78],[-106.77,47.79],[-106.74,47.81],[-106.71,47.82],[-106.66,47.84],[-106.6,47.86],[-106.58,47.88],[-106.57,47.91],[-106.57,47.94],[-106.59,47.96],[-106.54,47.98],[-106.43,48.03],[-106.41,48.02],[-106.37,48.02],[-106.33,47.98],[-106.33,47.95],[-106.36,47.92],[-106.34,47.88],[-106.28,47.84],[-106.25,47.81],[-106.27,47.79],[-106.25,47.77],[-106.24,47.74],[-106.23,47.69],[-106.22,47.63],[-106.22,47.59]]]}},{"type":"Feature","properties":{"name":"Lake Sakakawea"},"geometry":{"type":"Polygon","coordinates":[[[-102.15,47.57],[-102.24,47.59],[-102.33,47.59],[-102.41,47.56],[-102.43,47.56],[-102.42,47.59],[-102.36,47.62],[-102.3,47.66],[-102.31,47.7],[-102.34,47.76],[-102.42,47.76],[-102.56,47.78],[-102.62,47.82],[-102.65,47.92],[-102.62,47.96],[-102.61,47.99],[-102.66,48.03],[-102.76,48.08],[-102.9,48.12],[-103.06,48.12],[-103.19,48.1],[-103.24,48.06],[-103.34,48.03],[-103.46,48.02],[-103.52,48.03],[-103.55,48.07],[-103.58,48.1],[-103.67,48.06],[-103.75,48.02],[-103.77,48.03],[-103.76,48.07],[-103.72,48.1],[-103.67,48.14],[-103.58,48.15],[-103.52,48.11],[-103.48,48.08],[-103.45,48.07],[-103.35,48.08],[-103.21,48.15],[-103.12,48.17],[-103.03,48.18],[-102.92,48.17],[-102.79,48.15],[-102.67,48.1],[-102.6,48.05],[-102.56,47.97],[-102.58,47.91],[-102.58,47.87],[-102.58,47.84],[-102.53,47.82],[-102.46,47.81],[-102.41,47.81],[-102.38,47.82],[-102.4,47.88],[-102.42,47.94],[-102.38,47.95],[-102.31,47.96],[-102.27,47.98],[-102.26,47.98],[-102.27,47.96],[-102.28,47.94],[-102.29,47.92],[-102.29,47.91],[-102.28,47.86],[-102.25,47.79],[-102.24,47.77],[-102.19,47.75],[-102.17,47.73],[-102.21,47.68],[-102.16,47.62],[-102.09,47.6],[-102.02,47.59],[-101.88,47.56],[-101.72,47.57],[-101.62,47.58],[-101.6,47.59],[-101.59,47.6],[-101.45,47.61],[-101.28,47.63],[-101.2,47.65],[-101.16,47.63],[-101.14,47.61],[-101.18,47.59],[-101.25,47.57],[-101.33,47.53],[-101.4,47.51],[-101.59,47.52],[-101.68,47.5],[-101.77,47.49],[-101.88,47.47],[-101.92,47.46],[-101.95,47.49],[-102.03,47.53],[-102.1,47.55],[-102.15,47.57]]]}},{"type":"Feature","properties":{"name":"Teslin Lake"},"geometry":{"type":"Polygon","coordinates":[[[-132.09,59.61],[-132.12,59.6],[-132.16,59.63],[-132.21,59.69],[-132.32,59.84],[-132.4,59.92],[-132.61,60.05],[-132.83,60.13],[-132.96,60.2],[-133.01,60.25],[-133.19,60.38],[-133.25,60.45],[-133.14,60.43],[-132.98,60.3],[-132.8,60.19],[-132.7,60.15],[-132.59,60.12],[-132.52,60.1],[-132.46,60.05],[-132.36,59.99],[-132.32,59.95],[-132.28,59.9],[-132.23,59.85],[-132.22,59.84],[-132.21,59.82],[-132.2,59.77],[-132.12,59.69],[-132.09,59.64],[-132.09,59.61]]]}},{"type":"Feature","properties":{"name":"Yathkyed Lake"},"geometry":{"type":"Polygon","coordinates":[[[-97.97,62.55],[-98.0,62.57],[-98.05,62.61],[-98.13,62.66],[-98.21,62.69],[-98.23,62.67],[-98.31,62.62],[-98.35,62.62],[-98.35,62.66],[-98.36,62.71],[-98.39,62.73],[-98.42,62.76],[-98.45,62.8],[-98.46,62.83],[-98.43,62.83],[-98.41,62.82],[-98.36,62.81],[-98.26,62.81],[-98.21,62.81],[-98.2,62.83],[-98.19,62.85],[-98.14,62.85],[-98.1,62.84],[-98.06,62.85],[-97.98,62.86],[-97.87,62.87],[-97.76,62.86],[-97.71,62.89],[-97.68,62.95],[-97.63,62.98],[-97.62,62.97],[-97.62,62.92],[-97.64,62.89],[-97.66,62.86],[-97.65,62.83],[-97.64,62.78],[-97.63,62.72],[-97.61,62.66],[-97.56,62.64],[-97.52,62.6],[-97.51,62.57],[-97.47,62.53],[-97.43,62.5],[-97.38,62.48],[-97.36,62.48],[-97.36,62.5],[-97.36,62.51],[-97.35,62.51],[-97.33,62.5],[-97.31,62.48],[-97.32,62.46],[-97.38,62.43],[-97.44,62.42],[-97.53,62.45],[-97.63,62.49],[-97.7,62.51],[-97.78,62.51],[-97.84,62.5],[-97.88,62.49],[-97.89,62.47],[-97.91,62.46],[-97.97,62.47],[-98.02,62.5],[-98.05,62.53],[-98.02,62.54],[-97.97,62.55]]]}},{"type":"Feature","properties":{"name":"Amadjuak Lake"},"geometry":{"type":"Polygon","coordinates":[[[-70.65,64.69],[-70.64,64.71],[-70.69,64.74],[-70.8,64.77],[-70.92,64.79],[-71.0,64.79],[-71.05,64.77],[-71.1,64.71],[-71.22,64.64],[-71.37,64.64],[-71.45,64.63],[-71.5,64.61],[-71.56,64.61],[-71.66,64.63],[-71.8,64.68],[-71.9,64.73],[-71.92,64.75],[-71.9,64.78],[-71.93,64.81],[-71.98,64.83],[-72.0,64.87],[-72.02,64.89],[-72.04,64.9],[-72.05,64.91],[-72.04,64.92],[-72.0,64.94],[-71.96,64.95],[-71.96,64.93],[-71.96,64.91],[-71.94,64.91],[-71.85,64.92],[-71.82,64.91],[-71.87,64.87],[-71.87,64.84],[-71.82,64.82],[-71.75,64.82],[-71.71,64.83],[-71.72,64.84],[-71.75,64.86],[-71.58,64.88],[-71.51,64.91],[-71.5,64.92],[-71.53,64.95],[-71.64,64.98],[-71.62,65.02],[-71.58,65.04],[-71.56,65.05],[-71.55,65.08],[-71.57,65.13],[-71.64,65.19],[-71.69,65.24],[-71.68,65.28],[-71.67,65.31],[-71.72,65.35],[-71.77,65.4],[-71.74,65.41],[-71.64,65.37],[-71.54,65.31],[-71.48,65.29],[-71.43,65.29],[-71.36,65.28],[-71.3,65.27],[-71.28,65.25],[-71.27,65.23],[-71.23,65.21],[-71.09,65.16],[-70.94,65.12],[-70.91,65.11],[-70.88,65.1],[-70.77,65.07],[-70.69,65.02],[-70.67,64.98],[-70.65,64.96],[-70.64,64.93],[-70.63,64.91],[-70.53,64.83],[-70.41,64.74],[-70.38,64.72],[-70.38,64.71],[-70.43,64.69],[-70.48,64.66],[-70.47,64.64],[-70.47,64.62],[-70.42,64.61],[-70.39,64.59],[-70.42,64.58],[-70.51,64.6],[-70.63,64.62],[-70.72,64.62],[-70.73,64.64],[-70.68,64.66],[-70.67,64.67],[-70.65,64.69]]]}},{"type":"Feature","properties":{"name":"Itaipú Reservoir"},"geometry":{"type":"Polygon","coordinates":[[[-54.18,-24.71],[-54.23,-24.73],[-54.29,-24.75],[-54.31,-24.78],[-54.31,-24.82],[-54.26,-24.88],[-54.22,-24.92],[-54.25,-24.92],[-54.31,-24.89],[-54.36,-24.89],[-54.38,-24.92],[-54.39,-24.95],[-54.39,-24.98],[-54.34,-25.03],[-54.32,-25.08],[-54.33,-25.11],[-54.35,-25.14],[-54.38,-25.15],[-54.38,-25.18],[-54.29,-25.22],[-54.2,-25.24],[-54.27,-25.26],[-54.34,-25.29],[-54.38,-25.3],[-54.43,-25.31],[-54.43,-25.34],[-54.4,-25.37],[-54.42,-25.39],[-54.49,-25.39],[-54.53,-25.4],[-54.55,-25.42],[-54.58,-25.44],[-54.61,-25.43],[-54.63,-25.42],[-54.63,-25.3],[-54.61,-25.27],[-54.55,-25.23],[-54.52,-25.19],[-54.53,-25.16],[-54.56,-25.14],[-54.58,-25.13],[-54.58,-25.11],[-54.62,-25.1],[-54.72,-25.09],[-54.75,-25.06],[-54.71,-25.04],[-54.61,-25.05],[-54.53,-25.05],[-54.51,-25.02],[-54.51,-24.96],[-54.53,-24.93],[-54.67,-24.91],[-54.8,-24.88],[-54.77,-24.87],[-54.7,-24.87],[-54.61,-24.88],[-54.53,-24.88],[-54.47,-24.85],[-54.47,-24.8],[-54.52,-24.75],[-54.49,-24.71],[-54.4,-24.69],[-54.39,-24.66],[-54.39,-24.62],[-54.42,-24.58],[-54.42,-24.54],[-54.39,-24.51],[-54.4,-24.45],[-54.38,-24.42],[-54.33,-24.4],[-54.31,-24.37],[-54.31,-24.32],[-54.35,-24.26],[-54.37,-24.21],[-54.36,-24.16],[-54.35,-24.12],[-54.32,-24.09],[-54.27,-24.07],[-54.28,-24.14],[-54.27,-24.23],[-54.25,-24.29],[-54.26,-24.47],[-54.26,-24.64],[-54.22,-24.69],[-54.18,-24.71]]]}},{"type":"Feature","properties":{"name":"Lake Kariba"},"geometry":{"type":"Polygon","coordinates":[[[28.99,-16.61],[28.97,-16.63],[28.94,-16.66],[28.93,-16.69],[28.9,-16.68],[28.87,-16.68],[28.85,-16.72],[28.83,-16.77],[28.79,-16.79],[28.76,-16.81],[28.73,-16.8],[28.7,-16.77],[28.7,-16.75],[28.69,-16.71],[28.66,-16.7],[28.61,-16.72],[28.59,-16.73],[28.55,-16.74],[28.51,-16.76],[28.47,-16.79],[28.46,-16.83],[28.46,-16.87],[28.45,-16.86],[28.42,-16.84],[28.38,-16.8],[28.34,-16.79],[28.24,-16.82],[28.15,-16.84],[28.12,-16.86],[28.1,-16.9],[28.08,-16.95],[28.09,-16.98],[28.1,-16.99],[28.1,-17.02],[28.08,-17.05],[28.05,-17.07],[28.0,-17.05],[27.96,-17.04],[27.94,-17.05],[27.91,-17.08],[27.87,-17.12],[27.84,-17.15],[27.81,-17.16],[27.75,-17.18],[27.7,-17.21],[27.68,-17.23],[27.67,-17.25],[27.65,-17.29],[27.61,-17.38],[27.58,-17.45],[27.57,-17.45],[27.55,-17.47],[27.5,-17.51],[27.45,-17.53],[27.44,-17.55],[27.45,-17.56],[27.46,-17.56],[27.45,-17.57],[27.41,-17.58],[27.35,-17.6],[27.34,-17.62],[27.29,-17.67],[27.23,-17.75],[27.2,-17.8],[27.16,-17.84],[27.12,-17.91],[27.08,-17.96],[27.05,-17.96],[27.02,-17.96],[27.02,-17.93],[27.04,-17.9],[27.07,-17.87],[27.09,-17.85],[27.1,-17.81],[27.11,-17.77],[27.17,-17.69],[27.25,-17.61],[27.29,-17.58],[27.32,-17.56],[27.34,-17.55],[27.35,-17.53],[27.37,-17.5],[27.37,-17.48],[27.34,-17.46],[27.37,-17.39],[27.43,-17.3],[27.47,-17.25],[27.55,-17.15],[27.61,-17.07],[27.64,-17.07],[27.67,-17.07],[27.69,-17.07],[27.69,-17.04],[27.7,-17.0],[27.72,-16.96],[27.7,-16.94],[27.72,-16.93],[27.75,-16.92],[27.8,-16.92],[27.83,-16.9],[27.82,-16.87],[27.79,-16.84],[27.79,-16.82],[27.83,-16.81],[27.86,-16.79],[27.88,-16.77],[27.9,-16.77],[27.92,-16.78],[27.94,-16.8],[27.98,-16.82],[28.01,-16.82],[28.04,-16.82],[28.07,-16.79],[28.11,-16.75],[28.14,-16.74],[28.17,-16.71],[28.18,-16.68],[28.18,-16.66],[28.21,-16.65],[28.25,-16.63],[28.28,-16.6],[28.3,-16.57],[28.29,-16.54],[28.31,-16.55],[28.35,-16.56],[28.37,-16.57],[28.39,-16.59],[28.44,-16.56],[28.5,-16.54],[28.53,-16.55],[28.55,-16.54],[28.56,-16.52],[28.58,-16.51],[28.62,-16.5],[28.68,-16.51],[28.76,-16.53],[28.85,-16.57],[28.9,-16.57],[28.94,-16.58],[28.97,-16.6],[28.99,-16.61]]]}},{"type":"Feature","properties":{"name":"Lake Kyoga"},"geometry":{"type":"Polygon","coordinates":[[[33.49,1.64],[33.44,1.64],[33.33,1.62],[33.23,1.58],[33.16,1.54],[33.13,1.5],[33.14,1.48],[33.21,1.48],[33.26,1.47],[33.25,1.45],[33.21,1.43],[33.2,1.4],[33.24,1.39],[33.28,1.4],[33.3,1.42],[33.32,1.42],[33.32,1.4],[33.33,1.36],[33.3,1.3],[33.27,1.25],[33.26,1.22],[33.23,1.25],[33.17,1.29],[33.12,1.31],[33.02,1.38],[32.9,1.43],[32.87,1.43],[32.86,1.42],[32.87,1.41],[32.89,1.38],[32.89,1.31],[32.86,1.33],[32.82,1.39],[32.79,1.4],[32.76,1.39],[32.75,1.36],[32.74,1.34],[32.66,1.38],[32.58,1.41],[32.55,1.44],[32.54,1.5],[32.55,1.52],[32.61,1.51],[32.74,1.54],[32.8,1.58],[32.8,1.57],[32.8,1.56],[32.81,1.55],[32.86,1.56],[32.94,1.56],[32.98,1.55],[33.0,1.55],[33.02,1.56],[33.07,1.6],[33.1,1.63],[33.11,1.62],[33.13,1.62],[33.16,1.64],[33.21,1.66],[33.24,1.67],[33.27,1.66],[33.31,1.66],[33.36,1.68],[33.41,1.73],[33.45,1.73],[33.46,1.68],[33.47,1.67],[33.48,1.65],[33.49,1.64]]]}},{"type":"Feature","properties":{"name":"Dead Sea"},"geometry":{"type":"Polygon","coordinates":[[[35.52,31.18],[35.52,31.15],[35.51,31.12],[35.5,31.11],[35.46,31.1],[35.42,31.1],[35.39,31.14],[35.38,31.18],[35.38,31.22],[35.4,31.23],[35.45,31.23],[35.49,31.2],[35.52,31.18]]]}},{"type":"Feature","properties":{"name":"Sea of Galilee"},"geometry":{"type":"Polygon","coordinates":[[[35.63,32.78],[35.62,32.75],[35.58,32.72],[35.55,32.75],[35.53,32.8],[35.54,32.86],[35.56,32.89],[35.6,32.9],[35.62,32.88],[35.64,32.83],[35.63,32.78]]]}},{"type":"Feature","properties":{"name":"Lake Volta"},"geometry":{"type":"Polygon","coordinates":[[[0.27,6.67],[0.3,6.72],[0.32,6.74],[0.31,6.7],[0.28,6.65],[0.23,6.62],[0.19,6.61],[0.17,6.62],[0.16,6.62],[0.15,6.61],[0.15,6.6],[0.15,6.57],[0.15,6.54],[0.14,6.5],[0.13,6.45],[0.14,6.37],[0.1,6.34],[0.08,6.35],[0.07,6.4],[0.04,6.41],[-0.01,6.38],[-0.03,6.41],[-0.06,6.45],[-0.1,6.49],[-0.17,6.53],[-0.26,6.58],[-0.32,6.62],[-0.43,6.67],[-0.55,6.72],[-0.63,6.75],[-0.67,6.8],[-0.68,6.83],[-0.66,6.84],[-0.62,6.81],[-0.58,6.79],[-0.55,6.81],[-0.52,6.79],[-0.49,6.74],[-0.47,6.72],[-0.44,6.73],[-0.42,6.73],[-0.41,6.77],[-0.41,6.82],[-0.39,6.83],[-0.37,6.77],[-0.34,6.72],[-0.3,6.72],[-0.27,6.72],[-0.23,6.73],[-0.19,6.74],[-0.17,6.72],[-0.16,6.69],[-0.14,6.65],[-0.1,6.63],[-0.06,6.63],[-0.04,6.68],[-0.03,6.72],[-0.02,6.73],[-0.02,6.75],[-0.05,6.77],[-0.07,6.79],[-0.07,6.81],[-0.07,6.83],[-0.04,6.85],[-0.01,6.85],[0.01,6.84],[0.03,6.85],[0.08,6.87],[0.11,6.9],[0.1,6.91],[0.06,6.91],[0.04,6.95],[0.09,6.97],[0.12,6.97],[0.12,6.98],[0.1,7.0],[0.09,7.02],[0.09,7.04],[0.1,7.05],[0.1,7.08],[0.09,7.12],[0.09,7.15],[0.07,7.15],[0.04,7.16],[0.03,7.18],[0.01,7.19],[0.01,7.21],[0.04,7.2],[0.06,7.2],[0.08,7.19],[0.1,7.19],[0.12,7.2],[0.14,7.22],[0.15,7.24],[0.16,7.25],[0.17,7.25],[0.18,7.27],[0.18,7.29],[0.17,7.3],[0.16,7.31],[0.14,7.31],[0.1,7.34],[0.07,7.39],[0.05,7.43],[0.05,7.45],[0.05,7.46],[0.05,7.48],[-0.0,7.5],[-0.06,7.51],[-0.06,7.47],[-0.07,7.44],[-0.11,7.46],[-0.13,7.47],[-0.14,7.5],[-0.16,7.51],[-0.21,7.51],[-0.24,7.52],[-0.23,7.53],[-0.21,7.55],[-0.17,7.55],[-0.13,7.55],[-0.1,7.55],[-0.07,7.55],[-0.03,7.55],[0.01,7.54],[-0.02,7.59],[-0.06,7.64],[-0.11,7.64],[-0.18,7.65],[-0.24,7.64],[-0.34,7.62],[-0.43,7.59],[-0.47,7.59],[-0.5,7.6],[-0.53,7.58],[-0.6,7.55],[-0.65,7.55],[-0.61,7.57],[-0.54,7.6],[-0.48,7.62],[-0.42,7.65],[-0.36,7.66],[-0.29,7.67],[-0.26,7.68],[-0.26,7.71],[-0.25,7.72],[-0.21,7.71],[-0.16,7.72],[-0.12,7.74],[-0.1,7.75],[-0.13,7.77],[-0.16,7.78],[-0.16,7.79],[-0.15,7.81],[-0.15,7.84],[-0.17,7.89],[-0.19,7.93],[-0.19,7.96],[-0.22,7.98],[-0.28,8.02],[-0.32,8.04],[-0.34,8.04],[-0.35,8.0],[-0.38,7.98],[-0.42,7.97],[-0.39,8.0],[-0.38,8.05],[-0.41,8.08],[-0.45,8.09],[-0.5,8.06],[-0.53,8.06],[-0.53,8.13],[-0.54,8.15],[-0.56,8.13],[-0.59,8.1],[-0.62,8.09],[-0.64,8.09],[-0.64,8.11],[-0.69,8.11],[-0.76,8.1],[-0.76,8.12],[-0.75,8.13],[-0.72,8.13],[-0.66,8.14],[-0.6,8.16],[-0.6,8.17],[-0.62,8.19],[-0.68,8.24],[-0.72,8.28],[-0.75,8.3],[-0.8,8.31],[-0.8,8.33],[-0.78,8.37],[-0.84,8.45],[-0.91,8.55],[-0.96,8.6],[-1.0,8.63],[-1.04,8.65],[-1.09,8.64],[-1.13,8.63],[-1.14,8.6],[-1.15,8.55],[-1.18,8.6],[-1.22,8.66],[-1.25,8.67],[-1.3,8.7],[-1.35,8.72],[-1.41,8.74],[-1.44,8.73],[-1.49,8.7],[-1.54,8.66],[-1.6,8.64],[-1.66,8.63],[-1.72,8.63],[-1.66,8.67],[-1.59,8.7],[-1.52,8.73],[-1.47,8.76],[-1.41,8.78],[-1.38,8.8],[-1.35,8.79],[-1.29,8.75],[-1.27,8.73],[-1.13,8.71],[-1.06,8.72],[-1.07,8.75],[-1.1,8.78],[-1.13,8.81],[-1.15,8.87],[-1.17,8.95],[-1.18,8.98],[-1.18,9.03],[-1.17,9.07],[-1.15,9.12],[-1.13,9.08],[-1.13,9.03],[-1.12,8.98],[-1.12,8.93],[-1.11,8.9],[-1.07,8.85],[-1.04,8.84],[-1.03,8.84],[-1.0,8.78],[-0.93,8.65],[-0.87,8.59],[-0.84,8.58],[-0.82,8.6],[-0.82,8.65],[-0.82,8.71],[-0.81,8.74],[-0.79,8.76],[-0.78,8.76],[-0.8,8.72],[-0.81,8.69],[-0.77,8.66],[-0.72,8.64],[-0.7,8.64],[-0.71,8.62],[-0.76,8.58],[-0.81,8.52],[-0.8,8.5],[-0.78,8.47],[-0.72,8.4],[-0.66,8.36],[-0.63,8.33],[-0.59,8.29],[-0.57,8.28],[-0.55,8.25],[-0.53,8.23],[-0.48,8.21],[-0.45,8.21],[-0.39,8.22],[-0.35,8.24],[-0.32,8.24],[-0.29,8.25],[-0.24,8.24],[-0.2,8.21],[-0.19,8.19],[-0.26,8.19],[-0.32,8.18],[-0.33,8.16],[-0.31,8.14],[-0.26,8.11],[-0.19,8.05],[-0.13,8.01],[-0.1,7.98],[-0.08,7.88],[-0.05,7.81],[-0.02,7.79],[0.0,7.79],[0.02,7.79],[0.06,7.79],[0.07,7.82],[0.06,7.86],[0.06,7.89],[0.06,7.92],[0.07,7.97],[0.08,8.0],[0.06,8.04],[0.07,8.08],[0.1,8.09],[0.13,8.09],[0.15,8.08],[0.17,8.09],[0.17,8.12],[0.15,8.16],[0.12,8.21],[0.1,8.24],[0.14,8.25],[0.17,8.29],[0.2,8.34],[0.22,8.36],[0.16,8.38],[0.09,8.4],[0.08,8.43],[0.09,8.46],[0.09,8.5],[0.09,8.55],[0.11,8.58],[0.14,8.6],[0.15,8.63],[0.16,8.7],[0.18,8.74],[0.2,8.74],[0.18,8.69],[0.17,8.62],[0.15,8.59],[0.13,8.57],[0.12,8.52],[0.11,8.46],[0.1,8.43],[0.12,8.42],[0.18,8.4],[0.24,8.38],[0.26,8.36],[0.28,8.34],[0.29,8.33],[0.28,8.33],[0.24,8.32],[0.21,8.31],[0.22,8.3],[0.19,8.25],[0.18,8.21],[0.2,8.17],[0.23,8.12],[0.27,8.11],[0.27,8.09],[0.24,8.09],[0.2,8.08],[0.16,8.06],[0.15,8.02],[0.12,7.97],[0.11,7.94],[0.12,7.91],[0.15,7.89],[0.17,7.86],[0.22,7.88],[0.26,7.91],[0.25,7.88],[0.25,7.86],[0.25,7.85],[0.24,7.83],[0.25,7.8],[0.28,7.76],[0.28,7.7],[0.28,7.62],[0.28,7.58],[0.26,7.58],[0.24,7.58],[0.23,7.56],[0.23,7.54],[0.24,7.51],[0.25,7.49],[0.28,7.51],[0.32,7.54],[0.31,7.51],[0.3,7.47],[0.3,7.45],[0.29,7.42],[0.29,7.38],[0.28,7.35],[0.28,7.34],[0.28,7.33],[0.29,7.3],[0.29,7.28],[0.28,7.26],[0.27,7.23],[0.28,7.22],[0.28,7.2],[0.28,7.18],[0.28,7.17],[0.27,7.14],[0.29,7.11],[0.3,7.1],[0.3,7.07],[0.28,7.05],[0.27,7.0],[0.26,6.95],[0.24,6.9],[0.24,6.77],[0.25,6.67],[0.27,6.67]],[[0.13,6.68],[0.18,6.73],[0.16,6.77],[0.12,6.8],[0.06,6.81],[0.02,6.78],[0.01,6.72],[0.05,6.7],[0.09,6.66],[0.13,6.68]]]}},{"type":"Feature","properties":{"name":"South Aral Sea"},"geometry":{"type":"Polygon","coordinates":[[[58.31,45.06],[58.37,45.13],[58.42,45.29],[58.55,45.41],[58.57,45.53],[58.64,45.59],[58.65,45.72],[58.71,45.84],[58.84,45.83],[58.81,45.88],[58.85,45.92],[59.06,45.9],[59.08,45.94],[59.18,45.93],[59.24,45.99],[59.3,46.0],[59.24,45.89],[59.1,45.9],[58.91,45.8],[58.87,45.6],[58.77,45.56],[58.67,45.46],[58.63,45.26],[58.68,45.13],[58.55,45.01],[58.59,44.99],[58.57,44.91],[58.62,44.82],[58.56,44.77],[58.52,44.57],[58.48,44.5],[58.36,44.42],[58.26,44.43],[58.23,44.46],[58.24,44.52],[58.32,44.6],[58.22,44.85],[58.31,45.06]]]}},{"type":"Feature","properties":{"name":"North Aral Sea"},"geometry":{"type":"Polygon","coordinates":[[[60.78,46.09],[60.75,46.12],[60.83,46.2],[60.72,46.37],[60.58,46.29],[60.35,46.4],[60.13,46.36],[59.99,46.44],[60.0,46.57],[60.29,46.7],[60.37,46.62],[60.4,46.51],[60.41,46.5],[60.42,46.51],[60.45,46.62],[60.46,46.62],[60.47,46.62],[60.58,46.56],[60.74,46.63],[60.75,46.64],[60.74,46.65],[60.53,46.75],[60.52,46.78],[60.58,46.78],[60.81,46.75],[60.78,46.58],[60.89,46.47],[61.13,46.45],[61.26,46.49],[61.26,46.5],[61.27,46.51],[61.2,46.58],[61.3,46.61],[61.31,46.65],[61.53,46.68],[61.45,46.58],[61.37,46.53],[61.28,46.45],[61.3,46.38],[61.22,46.24],[60.98,46.17],[60.86,46.09],[60.78,46.09]]]}},{"type":"Feature","properties":{"name":"Lake Balkhash"},"geometry":{"type":"Polygon","coordinates":[[[78.99,46.75],[79.02,46.77],[79.02,46.8],[79.05,46.81],[79.08,46.81],[79.12,46.8],[79.18,46.76],[79.22,46.72],[79.25,46.68],[79.25,46.65],[79.24,46.63],[79.22,46.61],[79.16,46.6],[79.09,46.58],[79.07,46.53],[79.02,46.45],[78.97,46.41],[78.89,46.37],[78.79,46.38],[78.71,46.4],[78.62,46.38],[78.54,46.4],[78.47,46.39],[78.44,46.38],[78.44,46.35],[78.46,46.31],[78.44,46.3],[78.41,46.3],[78.37,46.34],[78.32,46.35],[78.23,46.34],[78.16,46.32],[78.13,46.32],[78.08,46.33],[78.02,46.34],[77.86,46.43],[77.82,46.44],[77.78,46.42],[77.73,46.41],[77.65,46.41],[77.56,46.44],[77.43,46.5],[77.36,46.5],[77.28,46.47],[77.17,46.49],[77.1,46.45],[77.0,46.46],[76.85,46.49],[76.74,46.53],[76.46,46.54],[76.24,46.55],[76.18,46.53],[76.03,46.51],[75.91,46.54],[75.87,46.54],[75.72,46.52],[75.61,46.51],[75.56,46.53],[75.52,46.57],[75.49,46.6],[75.49,46.63],[75.51,46.64],[75.55,46.63],[75.56,46.65],[75.55,46.67],[75.51,46.68],[75.46,46.67],[75.42,46.64],[75.4,46.61],[75.43,46.54],[75.45,46.5],[75.41,46.47],[75.35,46.47],[75.33,46.51],[75.3,46.52],[75.28,46.52],[75.26,46.47],[75.24,46.45],[75.21,46.43],[75.15,46.44],[75.12,46.45],[75.09,46.46],[75.07,46.45],[75.01,46.42],[74.91,46.41],[74.89,46.38],[74.86,46.29],[74.81,46.22],[74.79,46.13],[74.77,46.11],[74.6,46.02],[74.55,46.01],[74.37,46.02],[74.28,46.0],[74.26,45.98],[74.25,45.94],[74.3,45.79],[74.29,45.77],[74.25,45.76],[74.24,45.75],[74.25,45.74],[74.31,45.7],[74.31,45.67],[74.29,45.65],[74.23,45.62],[74.1,45.54],[74.09,45.51],[74.08,45.35],[74.09,45.34],[74.13,45.34],[74.15,45.32],[74.16,45.27],[74.14,45.1],[74.14,45.07],[74.1,45.06],[74.09,45.04],[74.12,45.0],[74.1,44.99],[74.06,44.99],[74.02,45.01],[74.01,45.03],[74.02,45.06],[73.99,45.11],[74.01,45.15],[74.0,45.19],[73.98,45.2],[73.88,45.24],[73.84,45.26],[73.66,45.44],[73.61,45.51],[73.47,45.58],[73.44,45.61],[73.44,45.66],[73.49,45.69],[73.53,45.73],[73.52,45.76],[73.45,45.78],[73.44,45.81],[73.46,45.83],[73.49,45.83],[73.56,45.82],[73.63,45.91],[73.72,45.98],[73.74,46.01],[73.66,46.06],[73.65,46.09],[73.65,46.15],[73.68,46.18],[73.75,46.2],[73.78,46.21],[73.83,46.19],[73.9,46.21],[73.98,46.19],[74.02,46.2],[74.03,46.22],[73.95,46.29],[74.02,46.37],[74.09,46.43],[74.28,46.47],[74.38,46.52],[74.43,46.58],[74.52,46.62],[74.55,46.69],[74.62,46.75],[74.8,46.78],[74.94,46.82],[74.97,46.81],[75.09,46.81],[75.16,46.77],[75.2,46.76],[75.34,46.73],[75.43,46.74],[75.83,46.82],[75.95,46.8],[76.2,46.78],[76.3,46.75],[76.34,46.73],[76.41,46.66],[76.45,46.64],[76.5,46.64],[76.6,46.66],[76.67,46.67],[76.7,46.67],[76.79,46.63],[76.86,46.64],[77.08,46.62],[77.17,46.56],[77.23,46.57],[77.27,46.61],[77.37,46.62],[77.6,46.64],[77.64,46.66],[77.69,46.66],[77.86,46.65],[78.14,46.59],[78.17,46.58],[78.3,46.47],[78.32,46.48],[78.35,46.51],[78.36,46.62],[78.37,46.64],[78.4,46.66],[78.43,46.65],[78.45,46.62],[78.48,46.62],[78.5,46.66],[78.55,46.71],[78.58,46.72],[78.63,46.75],[78.76,46.72],[78.78,46.73],[78.79,46.76],[78.79,46.78],[78.82,46.8],[78.87,46.8],[78.93,46.79],[78.99,46.75]]]}},{"type":"Feature","properties":{"name":"Lake Tanganyika"},"geometry":{"type":"Polygon","coordinates":[[[30.81,-8.58],[30.8,-8.57],[30.71,-8.53],[30.68,-8.51],[30.67,-8.5],[30.65,-8.51],[30.62,-8.54],[30.55,-8.58],[30.53,-8.58],[30.56,-8.56],[30.57,-8.54],[30.57,-8.51],[30.54,-8.5],[30.5,-8.51],[30.46,-8.5],[30.45,-8.45],[30.46,-8.38],[30.48,-8.36],[30.51,-8.33],[30.55,-8.31],[30.57,-8.26],[30.58,-8.18],[30.57,-8.12],[30.53,-8.06],[30.5,-8.03],[30.47,-8.02],[30.44,-8.0],[30.4,-7.93],[30.37,-7.9],[30.29,-7.87],[30.28,-7.85],[30.27,-7.77],[30.22,-7.67],[30.2,-7.59],[30.21,-7.56],[30.21,-7.47],[30.15,-7.3],[30.09,-7.21],[30.01,-7.14],[29.93,-7.09],[29.84,-7.06],[29.75,-7.0],[29.62,-6.82],[29.54,-6.75],[29.51,-6.72],[29.48,-6.63],[29.48,-6.54],[29.48,-6.51],[29.45,-6.52],[29.44,-6.51],[29.42,-6.49],[29.31,-6.19],[29.29,-6.18],[29.27,-6.13],[29.25,-6.11],[29.21,-6.09],[29.19,-6.04],[29.18,-5.96],[29.19,-5.92],[29.21,-5.89],[29.33,-5.8],[29.34,-5.77],[29.34,-5.75],[29.33,-5.66],[29.34,-5.63],[29.37,-5.63],[29.37,-5.62],[29.23,-5.37],[29.16,-5.24],[29.12,-5.12],[29.1,-5.05],[29.11,-5.03],[29.11,-4.71],[29.12,-4.59],[29.15,-4.53],[29.17,-4.5],[29.2,-4.51],[29.2,-4.44],[29.25,-4.1],[29.25,-4.07],[29.23,-4.07],[29.22,-4.12],[29.14,-4.33],[29.13,-4.34],[29.06,-4.32],[29.06,-4.29],[29.09,-4.25],[29.1,-4.21],[29.09,-4.17],[29.09,-4.09],[29.1,-3.9],[29.12,-3.85],[29.12,-3.82],[29.1,-3.79],[29.11,-3.75],[29.14,-3.7],[29.15,-3.62],[29.14,-3.49],[29.14,-3.41],[29.16,-3.37],[29.18,-3.35],[29.2,-3.34],[29.3,-3.35],[29.33,-3.39],[29.33,-3.46],[29.34,-3.66],[29.35,-3.79],[29.36,-3.86],[29.43,-3.98],[29.43,-4.0],[29.52,-4.2],[29.58,-4.3],[29.63,-4.37],[29.65,-4.42],[29.64,-4.49],[29.61,-4.79],[29.61,-4.88],[29.6,-4.9],[29.61,-4.91],[29.64,-4.91],[29.68,-4.94],[29.75,-4.98],[29.79,-5.04],[29.81,-5.11],[29.82,-5.15],[29.8,-5.17],[29.8,-5.26],[29.79,-5.26],[29.77,-5.35],[29.75,-5.41],[29.76,-5.47],[29.81,-5.53],[29.86,-5.63],[29.92,-5.77],[29.95,-5.86],[29.95,-5.9],[29.92,-5.94],[29.86,-5.98],[29.82,-6.0],[29.8,-5.99],[29.77,-6.0],[29.75,-6.03],[29.73,-6.09],[29.72,-6.2],[29.72,-6.24],[29.75,-6.29],[29.82,-6.37],[29.94,-6.48],[29.95,-6.5],[29.96,-6.5],[30.02,-6.47],[30.09,-6.46],[30.14,-6.46],[30.17,-6.48],[30.18,-6.51],[30.3,-6.62],[30.36,-6.69],[30.4,-6.78],[30.45,-6.86],[30.53,-6.92],[30.56,-6.99],[30.56,-7.07],[30.54,-7.1],[30.52,-7.11],[30.51,-7.12],[30.52,-7.17],[30.58,-7.28],[30.6,-7.38],[30.59,-7.46],[30.6,-7.54],[30.64,-7.61],[30.73,-7.7],[30.82,-7.91],[30.91,-8.04],[30.91,-8.07],[30.93,-8.1],[30.96,-8.12],[30.96,-8.14],[30.95,-8.16],[30.95,-8.19],[30.96,-8.24],[31.02,-8.3],[31.1,-8.38],[31.14,-8.45],[31.14,-8.5],[31.15,-8.55],[31.18,-8.6],[31.2,-8.65],[31.19,-8.73],[31.18,-8.74],[31.17,-8.74],[31.15,-8.72],[31.13,-8.72],[31.11,-8.75],[31.08,-8.78],[31.05,-8.79],[31.02,-8.79],[30.97,-8.74],[30.81,-8.58]]]}},{"type":"Feature","properties":{"name":"Lagoa Mirim"},"geometry":{"type":"Polygon","coordinates":[[[-52.6,-32.59],[-52.62,-32.64],[-52.66,-32.7],[-52.69,-32.76],[-52.73,-32.81],[-52.77,-32.88],[-52.81,-32.91],[-52.85,-32.92],[-52.9,-32.91],[-52.94,-32.86],[-52.98,-32.82],[-53.02,-32.8],[-53.07,-32.81],[-53.13,-32.85],[-53.17,-32.96],[-53.23,-33.05],[-53.29,-33.08],[-53.33,-33.09],[-53.35,-33.09],[-53.38,-33.12],[-53.41,-33.16],[-53.44,-33.23],[-53.45,-33.35],[-53.44,-33.47],[-53.45,-33.53],[-53.49,-33.55],[-53.51,-33.56],[-53.53,-33.55],[-53.54,-33.54],[-53.56,-33.52],[-53.57,-33.48],[-53.57,-33.43],[-53.58,-33.37],[-53.59,-33.3],[-53.6,-33.24],[-53.62,-33.19],[-53.62,-33.14],[-53.6,-33.08],[-53.55,-33.02],[-53.47,-32.96],[-53.41,-32.95],[-53.35,-32.93],[-53.32,-32.88],[-53.31,-32.83],[-53.31,-32.79],[-53.3,-32.76],[-53.27,-32.73],[-53.22,-32.71],[-53.18,-32.68],[-53.14,-32.65],[-53.09,-32.62],[-53.03,-32.6],[-52.99,-32.53],[-52.96,-32.47],[-52.88,-32.43],[-52.81,-32.39],[-52.8,-32.35],[-52.79,-32.31],[-52.78,-32.26],[-52.74,-32.22],[-52.72,-32.2],[-52.7,-32.2],[-52.69,-32.24],[-52.69,-32.35],[-52.65,-32.39],[-52.62,-32.45],[-52.59,-32.5],[-52.59,-32.54],[-52.6,-32.59]]]}},{"type":"Feature","properties":{"name":"Lake Winnipegosis"},"geometry":{"type":"Polygon","coordinates":[[[-99.67,51.61],[-99.78,51.59],[-99.86,51.64],[-99.94,51.72],[-99.95,51.76],[-99.9,51.84],[-99.95,52.0],[-99.98,52.04],[-100.0,52.04],[-100.0,52.02],[-99.98,51.81],[-100.0,51.74],[-100.01,51.73],[-100.03,51.73],[-100.05,51.76],[-100.11,51.89],[-100.16,52.12],[-100.17,52.25],[-100.16,52.31],[-100.14,52.35],[-100.03,52.46],[-99.99,52.57],[-100.05,52.65],[-100.06,52.76],[-100.1,52.8],[-100.24,52.87],[-100.27,52.87],[-100.29,52.86],[-100.33,52.83],[-100.34,52.81],[-100.33,52.79],[-100.28,52.78],[-100.24,52.64],[-100.26,52.62],[-100.28,52.62],[-100.3,52.65],[-100.34,52.67],[-100.36,52.71],[-100.42,52.77],[-100.44,52.92],[-100.45,52.95],[-100.52,52.97],[-100.56,53.0],[-100.6,53.0],[-100.67,52.98],[-100.67,52.96],[-100.62,52.89],[-100.68,52.78],[-100.75,52.75],[-100.82,52.75],[-100.84,52.77],[-100.83,52.8],[-100.83,52.81],[-100.92,52.81],[-100.94,52.84],[-100.99,52.88],[-100.98,52.93],[-100.99,52.99],[-101.01,53.01],[-101.1,53.08],[-101.09,53.1],[-101.05,53.12],[-100.96,53.15],[-100.89,53.1],[-100.82,53.09],[-100.73,53.1],[-100.64,53.12],[-100.59,53.14],[-100.54,53.17],[-100.52,53.17],[-100.33,53.11],[-100.11,53.05],[-99.84,52.98],[-99.79,52.95],[-99.76,52.91],[-99.7,52.91],[-99.69,52.91],[-99.68,52.9],[-99.7,52.81],[-99.66,52.61],[-99.66,52.54],[-99.67,52.47],[-99.71,52.41],[-99.84,52.24],[-99.83,52.15],[-99.81,52.09],[-99.75,52.03],[-99.74,52.01],[-99.74,51.97],[-99.76,51.94],[-99.8,51.88],[-99.8,51.83],[-99.78,51.76],[-99.75,51.75],[-99.67,51.85],[-99.65,51.84],[-99.64,51.72],[-99.62,51.65],[-99.62,51.63],[-99.64,51.62],[-99.67,51.61]]]}},{"type":"Feature","properties":{"name":"Southern Indian Lake"},"geometry":{"type":"Polygon","coordinates":[[[-98.3,57.49],[-98.2,57.41],[-98.1,57.39],[-98.02,57.4],[-98.0,57.39],[-98.03,57.36],[-98.11,57.32],[-98.19,57.22],[-98.23,57.14],[-98.25,57.11],[-98.39,57.09],[-98.56,57.06],[-98.69,56.98],[-98.78,56.89],[-98.86,56.84],[-98.94,56.84],[-99.0,56.86],[-99.07,56.85],[-99.22,56.74],[-99.34,56.73],[-99.47,56.73],[-99.55,56.71],[-99.54,56.68],[-99.55,56.65],[-99.57,56.64],[-99.64,56.68],[-99.69,56.73],[-99.66,56.75],[-99.55,56.78],[-99.41,56.9],[-99.38,56.96],[-99.33,56.99],[-99.23,56.95],[-99.16,56.96],[-99.12,57.01],[-99.07,57.05],[-99.02,57.09],[-99.01,57.05],[-99.04,56.98],[-99.01,56.93],[-98.91,56.92],[-98.87,56.95],[-98.88,57.0],[-98.86,57.06],[-98.78,57.07],[-98.69,57.12],[-98.66,57.18],[-98.65,57.22],[-98.67,57.26],[-98.63,57.28],[-98.54,57.27],[-98.51,57.3],[-98.52,57.35],[-98.54,57.46],[-98.59,57.53],[-98.6,57.59],[-98.56,57.61],[-98.54,57.6],[-98.54,57.57],[-98.53,57.54],[-98.47,57.55],[-98.4,57.59],[-98.29,57.64],[-98.21,57.65],[-98.21,57.62],[-98.22,57.58],[-98.27,57.53],[-98.3,57.49]]]}},{"type":"Feature","properties":{"name":"Fort Peck Lake"},"geometry":{"type":"Polygon","coordinates":[[[-106.22,47.59],[-106.25,47.55],[-106.27,47.55],[-106.25,47.6],[-106.25,47.64],[-106.28,47.7],[-106.32,47.76],[-106.34,47.78],[-106.36,47.81],[-106.38,47.85],[-106.42,47.88],[-106.45,47.88],[-106.48,47.86],[-106.52,47.83],[-106.55,47.78],[-106.56,47.75],[-106.6,47.75],[-106.68,47.74],[-106.77,47.72],[-106.81,47.72],[-106.84,47.69],[-106.85,47.65],[-106.86,47.63],[-106.88,47.65],[-106.91,47.67],[-106.94,47.67],[-106.99,47.64],[-107.02,47.65],[-107.03,47.67],[-107.18,47.69],[-107.31,47.69],[-107.33,47.69],[-107.39,47.65],[-107.43,47.63],[-107.51,47.62],[-107.61,47.62],[-107.72,47.56],[-107.85,47.47],[-107.91,47.39],[-107.92,47.41],[-107.91,47.47],[-107.92,47.51],[-107.93,47.54],[-107.95,47.56],[-107.98,47.57],[-108.04,47.58],[-108.17,47.58],[-108.2,47.6],[-108.17,47.61],[-108.05,47.61],[-107.96,47.6],[-107.93,47.59],[-107.89,47.54],[-107.84,47.53],[-107.78,47.57],[-107.71,47.61],[-107.69,47.65],[-107.69,47.67],[-107.71,47.69],[-107.61,47.68],[-107.45,47.66],[-107.42,47.68],[-107.38,47.72],[-107.34,47.73],[-107.3,47.72],[-107.23,47.72],[-107.12,47.73],[-106.99,47.72],[-106.93,47.73],[-106.94,47.75],[-106.93,47.76],[-106.88,47.78],[-106.82,47.78],[-106.77,47.79],[-106.74,47.81],[-106.71,47.82],[-106.66,47.84],[-106.6,47.86],[-106.58,47.88],[-106.57,47.91],[-106.57,47.94],[-106.59,47.96],[-106.54,47.98],[-106.43,48.03],[-106.41,48.02],[-106.37,48.02],[-106.33,47.98],[-106.33,47.95],[-106.36,47.92],[-106.34,47.88],[-106.28,47.84],[-106.25,47.81],[-106.27,47.79],[-106.25,47.77],[-106.24,47.74],[-106.23,47.69],[-106.22,47.63],[-106.22,47.59]]]}},{"type":"Feature","properties":{"name":"Teslin Lake"},"geometry":{"type":"Polygon","coordinates":[[[-132.09,59.61],[-132.12,59.6],[-132.16,59.63],[-132.21,59.69],[-132.32,59.84],[-132.4,59.92],[-132.61,60.05],[-132.83,60.13],[-132.96,60.2],[-133.01,60.25],[-133.19,60.38],[-133.25,60.45],[-133.14,60.43],[-132.98,60.3],[-132.8,60.19],[-132.7,60.15],[-132.59,60.12],[-132.52,60.1],[-132.46,60.05],[-132.36,59.99],[-132.32,59.95],[-132.28,59.9],[-132.23,59.85],[-132.22,59.84],[-132.21,59.82],[-132.2,59.77],[-132.12,59.69],[-132.09,59.64],[-132.09,59.61]]]}},{"type":"Feature","properties":{"name":""},"geometry":{"type":"Polygon","coordinates":[[[24.61,61.65],[24.56,61.64],[24.49,61.61],[24.46,61.59],[24.51,61.55],[24.47,61.53],[24.34,61.52],[24.27,61.5],[24.19,61.46],[24.17,61.42],[24.17,61.4],[24.15,61.38],[24.13,61.34],[24.16,61.33],[24.24,61.31],[24.28,61.29],[24.25,61.29],[24.16,61.28],[24.08,61.26],[24.02,61.25],[24.01,61.23],[24.04,61.21],[24.09,61.19],[24.18,61.18],[24.24,61.2],[24.3,61.19],[24.36,61.16],[24.37,61.15],[24.35,61.14],[24.33,61.14],[24.34,61.12],[24.4,61.07],[24.44,61.03],[24.41,61.04],[24.35,61.07],[24.28,61.09],[24.03,61.15],[23.88,61.18],[23.78,61.21],[23.77,61.28],[23.8,61.26],[23.84,61.23],[23.92,61.21],[23.95,61.22],[23.98,61.26],[24.02,61.28],[24.04,61.31],[24.02,61.37],[24.04,61.42],[24.17,61.48],[24.25,61.53],[24.31,61.55],[24.36,61.59],[24.33,61.61],[24.31,61.62],[24.32,61.63],[24.37,61.63],[24.42,61.62],[24.45,61.63],[24.48,61.65],[24.5,61.67],[24.49,61.68],[24.52,61.69],[24.6,61.7],[24.69,61.72],[24.7,61.7],[24.67,61.67],[24.66,61.66],[24.64,61.66],[24.61,61.65]]]}},{"type":"Feature","properties":{"name":"Bratsk Reservoir"},"geometry":{"type":"Polygon","coordinates":[[[103.53,53.64],[103.72,53.6],[103.74,53.55],[103.74,53.5],[103.73,53.48],[103.69,53.51],[103.61,53.55],[103.49,53.56],[103.44,53.52],[103.42,53.47],[103.44,53.22],[103.37,53.11],[103.34,53.23],[103.34,53.57],[103.28,53.68],[103.1,53.74],[102.87,53.79],[102.93,53.82],[103.12,53.77],[103.21,53.81],[103.12,53.94],[103.0,54.07],[102.99,54.16],[103.02,54.28],[103.11,54.41],[103.17,54.42],[103.22,54.49],[103.19,54.63],[103.09,54.71],[103.03,54.78],[103.07,54.92],[103.23,55.05],[103.28,55.16],[103.27,55.3],[103.18,55.49],[103.15,55.58],[103.14,55.69],[103.07,55.79],[102.99,55.85],[102.96,55.96],[102.92,56.06],[102.85,56.1],[102.8,56.11],[102.72,56.14],[102.59,56.16],[102.53,56.16],[102.51,56.16],[102.49,56.13],[102.48,56.11],[102.44,56.09],[102.39,56.09],[102.31,56.11],[102.24,56.1],[102.18,56.07],[101.99,56.03],[102.0,55.96],[101.98,55.9],[101.91,55.83],[101.91,55.78],[101.99,55.73],[102.08,55.72],[102.09,55.7],[102.05,55.66],[102.1,55.63],[102.33,55.59],[102.39,55.54],[102.37,55.48],[102.31,55.44],[102.31,55.4],[102.33,55.35],[102.34,55.32],[102.39,55.3],[102.43,55.28],[102.39,55.26],[102.34,55.23],[102.32,55.2],[102.28,55.14],[102.23,55.1],[102.19,55.07],[102.12,55.05],[102.14,55.08],[102.18,55.12],[102.21,55.15],[102.26,55.18],[102.27,55.22],[102.33,55.27],[102.31,55.3],[102.28,55.34],[102.26,55.41],[102.27,55.45],[102.31,55.49],[102.3,55.53],[102.22,55.51],[102.07,55.46],[101.79,55.41],[101.76,55.44],[101.76,55.47],[101.98,55.52],[101.97,55.56],[101.91,55.59],[101.81,55.65],[101.79,55.77],[101.74,55.81],[101.5,55.89],[101.41,55.92],[101.32,55.95],[101.28,55.98],[101.35,55.99],[101.48,55.97],[101.61,55.97],[101.63,55.98],[101.71,55.97],[101.73,56.01],[101.73,56.07],[101.7,56.09],[101.67,56.13],[101.71,56.17],[101.7,56.22],[101.71,56.26],[101.77,56.29],[101.8,56.29],[101.87,56.24],[101.93,56.24],[101.96,56.23],[101.92,56.17],[101.94,56.12],[102.05,56.16],[102.25,56.23],[102.26,56.26],[102.46,56.25],[102.47,56.31],[102.52,56.35],[102.58,56.33],[102.59,56.3],[102.63,56.25],[102.73,56.25],[102.8,56.26],[102.82,56.23],[102.87,56.2],[102.94,56.2],[103.0,56.22],[103.02,56.21],[103.01,56.14],[103.02,56.05],[103.06,55.92],[103.14,55.81],[103.25,55.71],[103.25,55.67],[103.23,55.56],[103.33,55.36],[103.36,55.22],[103.35,55.13],[103.3,55.02],[103.19,54.88],[103.15,54.8],[103.22,54.72],[103.28,54.58],[103.29,54.48],[103.35,54.32],[103.42,54.2],[103.46,54.16],[103.4,54.17],[103.32,54.3],[103.26,54.34],[103.2,54.31],[103.14,54.24],[103.1,54.15],[103.16,54.0],[103.3,53.87],[103.3,53.84],[103.33,53.78],[103.44,53.68],[103.53,53.64]]]}},{"type":"Feature","properties":{"name":""},"geometry":{"type":"Polygon","coordinates":[[[15.76,63.76],[15.64,63.81],[15.58,63.78],[15.54,63.76],[15.54,63.8],[15.52,63.85],[15.3,63.93],[15.26,63.96],[15.39,63.93],[15.42,63.94],[15.42,63.96],[15.38,64.0],[15.32,64.03],[15.32,64.11],[15.24,64.16],[15.12,64.25],[15.04,64.28],[14.33,64.39],[14.19,64.45],[14.09,64.52],[13.96,64.56],[13.71,64.64],[13.8,64.66],[14.1,64.56],[14.2,64.48],[14.36,64.42],[14.49,64.42],[14.66,64.38],[14.85,64.35],[14.94,64.34],[14.99,64.34],[15.01,64.33],[15.05,64.34],[15.11,64.34],[15.21,64.32],[15.26,64.26],[15.32,64.16],[15.42,64.08],[15.39,64.05],[15.39,64.02],[15.47,63.97],[15.58,63.87],[15.74,63.83],[15.82,63.75],[15.76,63.76]]]}},{"type":"Feature","properties":{"name":""},"geometry":{"type":"Polygon","coordinates":[[[-51.42,-20.43],[-51.42,-20.4],[-51.41,-20.37],[-51.4,-20.36],[-51.44,-20.28],[-51.43,-20.26],[-51.38,-20.28],[-51.31,-20.28],[-51.27,-20.25],[-51.18,-20.26],[-51.16,-20.24],[-51.17,-20.18],[-51.15,-20.15],[-51.1,-20.18],[-51.08,-20.18],[-51.05,-20.1],[-51.05,-20.01],[-51.05,-19.78],[-51.03,-19.72],[-51.0,-19.67],[-50.97,-19.73],[-50.95,-19.91],[-50.95,-19.98],[-50.81,-19.93],[-50.67,-19.84],[-50.58,-19.82],[-50.67,-19.95],[-50.79,-20.0],[-50.84,-20.03],[-50.94,-20.09],[-50.98,-20.17],[-50.98,-20.23],[-50.93,-20.27],[-50.91,-20.32],[-50.98,-20.31],[-51.04,-20.33],[-51.09,-20.34],[-51.11,-20.34],[-51.15,-20.35],[-51.21,-20.37],[-51.24,-20.39],[-51.18,-20.46],[-51.06,-20.51],[-51.07,-20.53],[-51.2,-20.5],[-51.3,-20.44],[-51.36,-20.45],[-51.4,-20.44],[-51.42,-20.43]]]}},{"type":"Feature","properties":{"name":"Lake Eyre North"},"geometry":{"type":"Polygon","coordinates":[[[137.91,-29.1],[137.78,-29.04],[137.62,-29.05],[137.48,-29.01],[137.41,-29.03],[137.34,-29.02],[137.3,-28.99],[137.24,-28.89],[137.15,-28.89],[137.12,-28.92],[137.12,-28.98],[137.07,-29.01],[137.02,-29.02],[136.95,-28.95],[136.89,-28.83],[136.92,-28.76],[136.92,-28.69],[136.88,-28.45],[136.91,-28.43],[136.97,-28.39],[136.99,-28.31],[136.97,-28.2],[136.91,-28.1],[136.89,-28.06],[136.83,-28.04],[136.78,-28.02],[136.8,-27.97],[136.89,-27.91],[137.03,-27.86],[137.33,-27.97],[137.45,-28.09],[137.57,-28.12],[137.67,-28.12],[137.7,-28.14],[137.71,-28.2],[137.72,-28.28],[137.77,-28.35],[137.73,-28.39],[137.71,-28.54],[137.68,-28.56],[137.68,-28.64],[137.79,-28.84],[137.91,-28.98],[138.01,-29.05],[138.01,-29.09],[137.91,-29.1]]]}}]}